"0.0","2.25","1.0653433302","1.2405053","0","0.0","5.85","3.903653194399999","1.5697079999999999","0","0.0","6.11","1.0653433302","21.2366326079424","24.16699448204715","1.2405053","0"
"1.0","1.98","0.9401053623","1.1641983","0","1.0","5.65","2.7107851668999996","1.1297005","0","1.0","5.93","0.8952023255999997","17.922308612034882","16.19986137106932","1.1307064","0"
"2.0","2.31","0.7702765840999999","0.9478666","0","2.0","6.02","1.9574958318999998","0.98274094","0","2.0","6.09","0.7645865024000004","15.307123625285003","11.512592774053898","1.026734","0"
"3.0","2.7","0.6045855497000001","0.8252700000000001","0","3.0","6.19","1.2258810393000004","0.74716794","0","3.0","6.4","0.5962354513","11.931745702020725","6.668823614245814","0.82536453","0"
"4.0","3.27","0.47316202849999994","0.5300531","0","4.0","6.71","0.9675097263000002","0.61285436","0","4.0","6.93","0.46137115430000003","9.188368444478908","3.8908700938430805","0.6443515999999999","0"
"5.0","3.87","0.36010882619999995","0.42687076000000007","0","5.0","7.25","0.7137507360999997","0.49513580000000007","0","5.0","7.44","0.36933230809999995","7.375400209904502","2.417567834964263","0.43795687","0"
"6.0","4.52","0.2941825236999998","0.32905945","0","6.0","7.96","0.5846056463999999","0.42878956","0","6.0","8.1","0.31740778709999995","6.366704502561884","2.104821854302916","0.41623703","0"
"7.0","5.38","0.24965398460000007","0.2729913","0","7.0","8.61","0.5020088916999998","0.38563502","0","7.0","8.67","0.2615601302","5.218004681181856","1.4456530743063447","0.32047877","0"
"8.0","5.85","0.23146242290000005","0.26143855","0","8.0","9.51","0.4573198112000001","0.33964372","0","8.0","9.77","0.24284683436000004","4.847628301683909","1.1404236702883828","0.33356833","0"
"9.0","6.45","0.20238030363000004","0.23866975","0","9.0","9.96","0.3956712909000001","0.31474462","0","9.0","10.09","0.2145425302200001","4.282352677069056","0.8438376067663117","0.2884272","0"
"10.0","7.12","0.18494450851999997","0.23207246999999998","0","10.0","10.69","0.3623013064999999","0.29492146","0","10.0","10.94","0.18590116009000002","3.698867371887975","0.7195287381186373","0.25425363","0"
"11.0","7.76","0.17152087352000003","0.21849346","0","11.0","11.32","0.3000849926","0.2669912","0","11.0","11.51","0.18004756785","3.595077313849319","0.679687289017135","0.25437486","0"
"12.0","8.35","0.15737237167","0.22198802","0","12.0","11.93","0.2730472789799999","0.24828485","0","12.0","12.11","0.16413920604999999","3.2868536616689696","0.5422893780640707","0.2406522","0"
"13.0","8.85","0.14552001835000003","0.20522551","0","13.0","12.56","0.24441970628999993","0.23671757","0","13.0","12.63","0.15281437024000005","3.055110888439588","0.489549763371478","0.24862536999999998","0"
"14.0","9.53","0.13331160376","0.19732237000000002","0","14.0","13.08","0.22386304895999992","0.23468183","0","14.0","13.03","0.14130826500000004","2.8379369401515744","0.42507319138148714","0.22375415","0"
"15.0","9.8","0.12532236354999998","0.18721116","0","15.0","13.71","0.2135886250099999","0.22604682","0","15.0","13.52","0.12738641160000003","2.556388042822055","0.36559589730344527","0.21119127","0"
"16.0","10.3","0.11638991658999999","0.17301361","0","16.0","13.96","0.19394773725999992","0.2171998","0","16.0","13.67","0.12105295215","2.43034095767125","0.3232888335493918","0.2061514","0"
"17.0","10.52","0.11042034343000007","0.16861706999999998","0","17.0","14.34","0.18816287015000008","0.21911626","0","17.0","13.87","0.11358506964000002","2.266441119230292","0.30610831399972815","0.20642589","0"
"18.0","10.91","0.10682269220999999","0.15670153","0","18.0","14.56","0.17210897314000004","0.21218360999999997","0","18.0","14.01","0.10661498642000006","2.1362193192094407","0.2864243759728847","0.18334717","0"
"19.0","11.17","0.10127278001","0.15306659","0","19.0","14.87","0.15813227849000003","0.20518081","0","19.0","14.37","0.10408569475000001","2.088510121364581","0.23674549920876056","0.17689882","0"
"20.0","11.33","0.09412106533000002","0.14752121","0","20.0","15.27","0.15680287080000008","0.20513873","0","20.0","14.76","0.09720887269000004","1.9393175910923623","0.22580995169943466","0.1685942","0"
"21.0","11.7","0.08989048849999999","0.14182226","0","21.0","15.41","0.14558645710999996","0.20212018","0","21.0","14.97","0.09174046712000006","1.8331749499731373","0.1809705313580634","0.16012937000000002","0"
"22.0","11.97","0.08683025877000002","0.14182226","0","22.0","15.7","0.13848582057000003","0.18949191","0","22.0","15.15","0.089764620535","1.7999746948111073","0.17923490241282977","0.16752617","0"
"23.0","12.22","0.08262913594999997","0.12926374","0","23.0","15.96","0.13157222175999997","0.18210205","0","23.0","16.03","0.08787151417399999","1.7662217988152398","0.18321023660824512","0.16132332","0"
"24.0","12.58","0.07859908577000002","0.13087137","0","24.0","16.03","0.12445224588999994","0.17688128","0","24.0","15.68","0.08337715067000001","1.6721256032303842","0.157219321311174","0.15389743","0"
"25.0","12.8","0.07609400585","0.13087137","0","25.0","16.45","0.11840860676000002","0.17395956999999998","0","25.0","16.29","0.07940367140500001","1.5910997520885608","0.1523215065343785","0.14235383","0"
"26.0","13.18","0.07312279662000003","0.13087137","0","26.0","16.71","0.11272749425000002","0.16729338","0","26.0","16.13","0.07770655222000002","1.5455570111931345","0.13369767522060774","0.14151579","0"
"27.0","13.6","0.07160490691999997","0.12989691","0","27.0","16.79","0.10732819547","0.16729338","0","27.0","16.3","0.07416490362000003","1.4780401980601057","0.1404432622512055","0.14026396","0"
"28.0","13.87","0.06922079335000002","0.12926374","0","28.0","17.14","0.10258563801","0.16610125","0","28.0","16.62","0.07127562869","1.423726508578092","0.11941602275690993","0.13193643","0"
"29.0","14.27","0.06715163942999999","0.13087137","0","29.0","17.55","0.09805363472","0.1594704","0","29.0","16.81","0.06969113262","1.3938431796203372","0.12386283192408469","0.12561505","0"
"30.0","14.62","0.06611096523","0.12257039","0","30.0","17.7","0.09416612804000005","0.15496211","0","30.0","17.22","0.0665467326","1.328571366685715","0.11161888469748549","0.12892291","0"
"31.0","14.56","0.062249497290000004","0.114002705","0","31.0","18.56","0.09268825304","0.14673518","0","31.0","17.35","0.06430843249000001","1.2881667419423042","0.09832558894264948","0.12556335","0"
"32.0","14.86","0.06057073098000001","0.114002705","0","32.0","18.55","0.08775622460999997","0.14838493","0","32.0","17.55","0.06162834344999999","1.2377374761064714","0.09194703233495588","0.12267979000000001","0"
"33.0","15.14","0.05848161753000002","0.115558825","0","33.0","18.72","0.08589175312999998","0.15636104","0","33.0","17.88","0.059104342995","1.1769167516931671","0.08496729794855208","0.119065024","0"
"34.0","15.29","0.05677251600000001","0.12091944","0","34.0","18.97","0.08255001453999998","0.15636104","0","34.0","18.0","0.05718309030500001","1.1373179029489742","0.08109110762689234","0.115118004","0"
"35.0","15.61","0.054911617849999976","0.117725246","0","35.0","19.22","0.07976778905","0.15851423","0","35.0","18.27","0.05670288329000002","1.1348334213112927","0.07817721556359193","0.10852738","0"
"36.0","15.88","0.0543823961","0.11723522000000001","0","36.0","19.41","0.07756625742999997","0.14597642","0","36.0","18.23","0.05482606964000001","1.0977805221585744","0.0737439529035982","0.10663551","0"
"37.0","15.95","0.0531303597","0.11723522000000001","0","37.0","19.71","0.07482237961999996","0.15385675","0","37.0","18.61","0.05359572879999999","1.0744747985761642","0.07718864556896585","0.110361315","0"
"38.0","16.12","0.05167885180999998","0.11604831","0","38.0","19.81","0.07152786053","0.14597642","0","38.0","19.08","0.05342708147399997","1.067982142576034","0.07678565098749039","0.10737289","0"
"39.0","16.19","0.05124679874499998","0.112032264","0","39.0","19.97","0.06998622198","0.15368327","0","39.0","18.91","0.051718228674999984","1.032970647420289","0.08593561885468644","0.10663551","0"
"40.0","16.42","0.049531633774999986","0.112032264","0","40.0","20.37","0.06921918286","0.14772159","0","40.0","18.96","0.05058162324500001","1.011198532596155","0.0789569239627692","0.1085676","0"
"41.0","16.63","0.04854277407499999","0.11604831","0","41.0","20.36","0.06802515471000001","0.15368327","0","41.0","19.38","0.04879130017699999","0.9763723034784065","0.07188182023580078","0.11177761","0"
"42.0","16.77","0.047900291444999986","0.11604831","0","42.0","20.39","0.06592862785000002","0.15446535","0","42.0","19.67","0.048134823727","0.9624424088899688","0.06859255412567443","0.10932836","0"
"43.0","16.84","0.04684769061999999","0.112032264","0","43.0","20.82","0.06462910472000002","0.14597642","0","43.0","19.72","0.04760058579199999","0.9549394407171324","0.0699171677730795","0.10545758","0"
"44.0","17.12","0.046349926873","0.0997532","0","44.0","20.79","0.062177754650000014","0.13061388","0","44.0","19.82","0.04593001006300001","0.9246127498555481","0.06348568580760933","0.10867785000000002","0"
"45.0","17.3","0.045755008703000005","0.0997532","0","45.0","21.09","0.06151768445000001","0.13037165","0","45.0","20.17","0.044369130346000006","0.8875858577758369","0.0620634083125987","0.098643646","0"
"46.0","17.5","0.045064508125000007","0.10130219","0","46.0","21.39","0.06010018683999999","0.12878108","0","46.0","20.36","0.043936773455","0.8838851190057713","0.06532010290703164","0.096790895","0"
"47.0","17.56","0.04392985941500001","0.10184398","0","47.0","21.69","0.05868691854000001","0.12797396","0","47.0","20.56","0.04314962182899999","0.8673613690655884","0.060056574905760246","0.09359831","0"
"48.0","17.61","0.04310349523500001","0.10130219","0","48.0","21.72","0.057402373530000016","0.12572376","0","48.0","20.73","0.042345676961","0.8437116550115452","0.05755467079116719","0.10229572","0"
"49.0","17.7","0.041636069190000013","0.09478602","0","49.0","21.95","0.05647931793500001","0.12863372","0","49.0","20.82","0.04101625330599999","0.8195192686441466","0.054623033632109436","0.093378074","0"
"50.0","17.84","0.041648092640000016","0.09478602","0","50.0","22.13","0.05384831093999997","0.12294225","0","50.0","21.04","0.040194714211","0.8010400070662126","0.056571454376756244","0.095914125","0"
"51.0","17.91","0.04070271558899999","0.0998788","0","51.0","22.39","0.05314465522499998","0.12572376","0","51.0","21.12","0.039999913106","0.806189414671981","0.057533553734142956","0.09120869","0"
"52.0","18.21","0.040534958885","0.0998788","0","52.0","22.54","0.05194330948999999","0.12572376","0","52.0","21.34","0.039462300576999995","0.7877443134166028","0.05308660820821462","0.09229445500000001","0"
"53.0","18.19","0.03952438026499998","0.09478602","0","53.0","23.47","0.05112463346000001","0.12209684","0","53.0","21.53","0.039131350416999985","0.7818426625097382","0.051186012209658634","0.095963195","0"
"54.0","18.5","0.038944706554999986","0.09219868","0","54.0","22.95","0.05075086012","0.12262914","0","54.0","21.5","0.03862894352699999","0.7696790988195744","0.04613369583792401","0.09229445500000001","0"
"55.0","18.78","0.03842536700899999","0.09478602","0","55.0","23.09","0.04910698305499997","0.12058505","0","55.0","21.66","0.037945113781999995","0.7601492312376553","0.0475071622119688","0.09031543000000002","0"
"56.0","18.86","0.03826200397900001","0.095084086","0","56.0","23.15","0.048680321900000025","0.12058505","0","56.0","21.85","0.037422630549","0.7483856900535085","0.04592220658824071","0.08689874400000001","0"
"57.0","19.0","0.037412848929","0.09664338","0","57.0","23.2","0.047807111009999986","0.12058505","0","57.0","21.92","0.03655562828699998","0.7309607124149353","0.046900129783264646","0.08983377","0"
"58.0","19.02","0.037003063478999995","0.09044331","0","58.0","23.44","0.047285672294999984","0.118579425","0","58.0","22.21","0.0360626814","0.7237807873071789","0.050970326416256324","0.09043418","0"
"59.0","19.02","0.036633140357","0.09589211","0","59.0","23.65","0.04644917703000002","0.118579425","0","59.0","22.14","0.035274370054999976","0.7091616899238486","0.04698993197992652","0.09043418","0"
"60.0","19.15","0.03637083783999999","0.08895379","0","60.0","23.62","0.04525715692000002","0.10912121","0","60.0","22.2","0.03506739596899999","0.7032705860822354","0.04656774646146225","0.08896439","0"
"61.0","19.33","0.036177793911","0.09195009000000001","0","61.0","23.73","0.045031771485","0.10912121","0","61.0","22.49","0.034892400477","0.6957809250035119","0.047500734817516495","0.08937219499999999","0"
"62.0","19.54","0.03570588370199999","0.09195009000000001","0","62.0","23.72","0.04387742120499997","0.10912121","0","62.0","22.59","0.03436445614800001","0.6885882709993737","0.05108730959345811","0.09203084","0"
"63.0","19.66","0.035508540783999995","0.0921244","0","63.0","23.8","0.04356463227499999","0.10560716","0","63.0","22.48","0.033909510154000004","0.6857611856745939","0.05272904304924098","0.091766104","0"
"64.0","19.66","0.034803557574","0.09589211","0","64.0","23.96","0.042208400405","0.10912121","0","64.0","22.83","0.033856682597000004","0.6785880200842069","0.045911931194635575","0.088678464","0"
"65.0","19.75","0.034567100903","0.09589211","0","65.0","24.04","0.04216561730999999","0.10912121","0","65.0","23.02","0.03330647327699999","0.6673107046803333","0.047280829326534546","0.09676301000000001","0"
"66.0","19.81","0.034025519697999995","0.09308557","0","66.0","24.07","0.04153050991000001","0.10912121","0","66.0","23.32","0.032575824584999996","0.6577068468599186","0.04581636051797387","0.08725625","0"
"67.0","19.81","0.033621661540999985","0.0888712","0","67.0","24.12","0.04107792452500001","0.10912121","0","67.0","23.28","0.032598297670000005","0.6553065722176947","0.04352180671866205","0.084786996","0"
"68.0","20.01","0.033403889634","0.09308557","0","68.0","24.08","0.04058127365999999","0.10809073","0","68.0","23.7","0.03234639993100001","0.6442329127868834","0.043344070693071536","0.08239352","0"
"69.0","20.08","0.03326623649399999","0.091601476","0","69.0","24.37","0.03987587112999998","0.10809073","0","69.0","23.8","0.031886374658000004","0.6411986145705054","0.044268927142988204","0.08777083499999999","0"
"70.0","20.15","0.032902221730999985","0.09308557","0","70.0","24.47","0.039050958379999993","0.10809073","0","70.0","23.38","0.031208144010999993","0.6244181250973836","0.042884381394245843","0.08423081999999998","0"
"71.0","20.28","0.032752531696999994","0.09308557","0","71.0","24.74","0.038956155247","0.10753211","0","71.0","23.59","0.030976073306999998","0.6201550362661561","0.043047582357111515","0.08352748","0"
"72.0","20.32","0.03270374963799999","0.09308557","0","72.0","24.77","0.03831874381699999","0.10753211","0","72.0","23.59","0.03055567585099999","0.6107926016555506","0.04133747939365137","0.0820426","0"
"73.0","20.48","0.03232313323899999","0.09603964","0","73.0","24.85","0.037987963596","0.10394016","0","73.0","23.62","0.030402912167","0.6046972306636677","0.040191974573649265","0.08130708","0"
"74.0","20.67","0.03166936927100001","0.09603964","0","74.0","24.87","0.037285120039999994","0.10476745","0","74.0","23.88","0.030178429871999993","0.6032727625976277","0.04279433644308963","0.08032058000000002","0"
"75.0","20.63","0.03133692488100001","0.093590975","0","75.0","24.92","0.036763243035","0.10476745","0","75.0","23.99","0.029929728461999986","0.5976432108604521","0.041262537491967254","0.08562324","0"
"76.0","20.78","0.030925435834000013","0.08932946","0","76.0","25.02","0.036719234190000005","0.098838076","0","76.0","24.12","0.02954460463899999","0.5879506925446141","0.037767174408759596","0.08433728","0"
"77.0","20.7","0.03073486941200001","0.091601476","0","77.0","25.28","0.036383211457000006","0.098838076","0","77.0","24.01","0.02942661712099999","0.5852243151785977","0.04119180698304073","0.08564002","0"
"78.0","20.92","0.030490595002000003","0.091601476","0","78.0","25.18","0.03570379784199999","0.10275808999999998","0","78.0","24.3","0.029200778208999988","0.5845653176632041","0.04221015154091954","0.08433728","0"
"79.0","20.92","0.030193554040000004","0.091601476","0","79.0","25.21","0.03548819839699999","0.09903873499999999","0","79.0","24.1","0.029153789172999985","0.5808215006126507","0.04345340579753648","0.08428158","0"
"80.0","21.05","0.029819776734999994","0.093590975","0","80.0","25.34","0.03507153369500001","0.098838076","0","80.0","24.15","0.029238167055","0.582596499298465","0.03883159652234002","0.08433728","0"
"81.0","21.06","0.029721751931000004","0.09498497","0","81.0","25.39","0.034634515284999993","0.100559734","0","81.0","24.34","0.029013106781999996","0.5808597363186789","0.041239910879188615","0.08111660999999999","0"
"82.0","21.2","0.02962746288700001","0.09510592","0","82.0","25.55","0.034414624375","0.09840980999999999","0","82.0","24.23","0.028554808765","0.5766109258660417","0.04180086130337846","0.08111660999999999","0"
"83.0","21.17","0.029304286594000004","0.09510592","0","83.0","25.62","0.033835647235","0.0953007","0","83.0","24.37","0.028583639468000004","0.5680370980800927","0.04495727040431437","0.08148739","0"
"84.0","21.21","0.02929351885900002","0.09510592","0","84.0","25.85","0.033774267824999996","0.09840980999999999","0","84.0","24.62","0.028247699171000007","0.5631991416118489","0.04277441757865508","0.08111660999999999","0"
"85.0","21.29","0.029114514339000017","0.09510592","0","85.0","25.47","0.03346140504600001","0.09428309","0","85.0","24.67","0.02790252354","0.5561095686505975","0.04125393729985277","0.08111660999999999","0"
"86.0","21.48","0.029091709167","0.09510592","0","86.0","25.88","0.03317076591","0.09751941","0","86.0","24.64","0.02788945318999999","0.5515913358225821","0.04507584598049327","0.08111660999999999","0"
"87.0","21.6","0.02885224317","0.09016617","0","87.0","25.88","0.03296744554800001","0.09428309","0","87.0","24.55","0.027583384852999996","0.5460922128688409","0.0429410108425138","0.080053605","0"
"88.0","21.55","0.02859462563500001","0.09016617","0","88.0","26.08","0.03249005552200001","0.09428309","0","88.0","24.72","0.027453297124999988","0.5481695364700303","0.0387129824007607","0.07745351","0"
"89.0","21.78","0.02832838598200002","0.09016617","0","89.0","26.2","0.032103023173999996","0.09428309","0","89.0","24.77","0.027138391437","0.5416183304979432","0.03685475114585586","0.07745351","0"
"90.0","21.67","0.02817737305700001","0.09016617","0","90.0","26.21","0.03204542006099998","0.098838076","0","90.0","24.94","0.027101780214000004","0.5414877526703151","0.03940514337052156","0.07688097","0"
"91.0","21.69","0.027904962917000016","0.08824113","0","91.0","26.28","0.03217831738199999","0.098838076","0","91.0","24.93","0.026768996669000015","0.5350214327433389","0.03557205638113219","0.07688771","0"
"92.0","21.78","0.027901893166000002","0.08824113","0","92.0","26.27","0.03186148109199998","0.09647895999999999","0","92.0","24.92","0.026581168266000006","0.5331608918857067","0.03501607144525591","0.07779832","0"
"93.0","21.87","0.027865259906000008","0.08655645","0","93.0","26.43","0.031934668448","0.09647895999999999","0","93.0","25.26","0.026417758250000006","0.5306828783794866","0.035150854848406354","0.077799134","0"
"94.0","21.91","0.02781311364700002","0.08655645","0","94.0","26.36","0.03149956248500001","0.09647895999999999","0","94.0","25.21","0.026118107225999995","0.5228803948594803","0.03495061572578435","0.07745625","0"
"95.0","21.97","0.02763318436500001","0.086155914","0","95.0","26.36","0.031291264444999994","0.09647895999999999","0","95.0","25.35","0.026045508917","0.5202513989602696","0.03545284387388238","0.07756102","0"
"96.0","22.02","0.02757288500700001","0.086155914","0","96.0","26.53","0.03119364397200001","0.09548105","0","96.0","25.31","0.025932259239000003","0.522033645847851","0.03585725288683987","0.07689118","0"
"97.0","22.16","0.027438738764000003","0.08655645","0","97.0","26.66","0.030706125527000007","0.09428309","0","97.0","25.6","0.025666438656000014","0.5145131888995889","0.0359608849658795","0.07780806","0"
"98.0","22.01","0.027316626774","0.08655645","0","98.0","26.56","0.030648867386999994","0.09548105","0","98.0","25.71","0.025513727315000012","0.5128145151277423","0.03692510001271192","0.078790344","0"
"99.0","22.12","0.027056819029000003","0.086155914","0","99.0","26.81","0.03028055573200001","0.09647895999999999","0","99.0","25.35","0.025237640899000015","0.5037168742725958","0.03797610058946261","0.077323064","0"
"100.0","22.12","0.026865356858999993","0.087705955","0","100.0","26.69","0.03021400482500001","0.09647895999999999","0","100.0","25.83","0.02505112645600001","0.5025674543404234","0.035180542071789354","0.07672882","0"
"101.0","22.29","0.026821367846999997","0.086155914","0","101.0","26.82","0.029778018476000014","0.09647895999999999","0","101.0","25.72","0.024868186311000007","0.4998909229396327","0.034145888544079066","0.079757914","0"
"102.0","22.24","0.026596392212","0.08363365399999999","0","102.0","26.84","0.02984680578900001","0.098838076","0","102.0","25.75","0.024747100487","0.4938616683642245","0.0379982154293588","0.075399026","0"
"103.0","22.36","0.026560815818000006","0.08363365399999999","0","103.0","26.93","0.02958200686399999","0.09589427","0","103.0","26.11","0.024725575947999998","0.4940806014616803","0.0378867126236559","0.0785422","0"
"104.0","22.24","0.026468151746999992","0.08363365399999999","0","104.0","26.99","0.029538168528999997","0.098838076","0","104.0","25.84","0.024465579836999988","0.4894000879540393","0.036494444296530947","0.07614273","0"
"105.0","22.2","0.026449112982999994","0.08363365399999999","0","105.0","27.17","0.02927696368","0.09589427","0","105.0","25.91","0.024124142799999998","0.48295973910489853","0.03878496138254032","0.073161066","0"
"106.0","22.55","0.02613044165100001","0.08363365399999999","0","106.0","27.17","0.02903794967","0.09589427","0","106.0","26.04","0.024266167481000002","0.48372220489276485","0.0349795942196809","0.072919816","0"
"107.0","22.47","0.026001409596000006","0.086155914","0","107.0","27.13","0.028745024434000004","0.09589427","0","107.0","26.42","0.024109543582","0.4810396515985778","0.03235355204799178","0.07753664","0"
"108.0","22.6","0.02575175806899999","0.086155914","0","108.0","27.43","0.028688363224","0.09589427","0","108.0","25.85","0.023954625945000002","0.4781008069990116","0.03174803145056971","0.07753664","0"
"109.0","22.42","0.02555627266099999","0.086155914","0","109.0","27.34","0.028555853937999993","0.09428309","0","109.0","26.27","0.023952366978000003","0.4767871205862499","0.030428051305314535","0.073161066","0"
"110.0","22.63","0.025301030746","0.08530843","0","110.0","27.33","0.028500605760999997","0.09428309","0","110.0","26.21","0.023752018295","0.4736533692551774","0.0318759471791122","0.07409919","0"
"111.0","22.58","0.02516406529199999","0.08530843","0","111.0","27.36","0.028303018306999994","0.09769022","0","111.0","26.2","0.023639374388","0.4706219398212637","0.02908496669203413","0.074217364","0"
"112.0","22.67","0.025142741365999997","0.08530843","0","112.0","27.44","0.028158287600999997","0.09769022","0","112.0","26.54","0.023555651012000002","0.47443494486102233","0.03144810500617965","0.074501574","0"
"113.0","22.83","0.025044987123999992","0.086155914","0","113.0","27.48","0.027877632006000005","0.09769022","0","113.0","26.13","0.023419361003000006","0.46786782593234805","0.03212822192417431","0.07414337","0"
"114.0","23.0","0.024905233817999996","0.08530843","0","114.0","27.53","0.027597655322","0.09428309","0","114.0","26.56","0.023252386953000005","0.46262111597748656","0.032807774548693755","0.07366475","0"
"115.0","23.16","0.024809580972999984","0.086155914","0","115.0","27.53","0.02749342629200001","0.09428309","0","115.0","26.29","0.023159537823","0.46607562795374696","0.03259938772538721","0.07171293","0"
"116.0","23.28","0.024800402602999993","0.086155914","0","116.0","27.5","0.027526162216000006","0.09428309","0","116.0","26.38","0.023083004318999994","0.4609893717313263","0.03344077125695432","0.07218383","0"
"117.0","23.21","0.024767922059999992","0.086155914","0","117.0","27.78","0.02731510875","0.09215103","0","117.0","26.25","0.023010021798","0.4574391611502637","0.035859605628554","0.07172237","0"
"118.0","23.13","0.024679860471999996","0.086155914","0","118.0","27.86","0.027338347003999997","0.08929673600000002","0","118.0","26.37","0.02301188043","0.45712341983346827","0.03357399216045288","0.07515566","0"
"119.0","23.22","0.024612503276","0.086155914","0","119.0","27.98","0.027358136093000005","0.09428309","0","119.0","26.41","0.023059335160999995","0.45922774782704473","0.033423565060439524","0.07515566","0"
"120.0","23.3","0.02460880294799999","0.08228296","0","120.0","27.97","0.027270785700999996","0.09428309","0","120.0","26.44","0.022905925881000003","0.4587980756752128","0.033113118544147634","0.07540213","0"
"121.0","23.17","0.024536174439999992","0.08228296","0","121.0","27.92","0.027149964694000012","0.09428309","0","121.0","26.54","0.022886337894","0.4570868428834521","0.0350488160749154","0.07471063","0"
"122.0","23.6","0.024373261656999996","0.086155914","0","122.0","27.74","0.026987969207999996","0.09428309","0","122.0","26.4","0.022666666933000002","0.4539901113758974","0.03568914442629251","0.071213685","0"
"123.0","23.35","0.024258920843999988","0.08228296","0","123.0","28.16","0.026910052045999996","0.09428309","0","123.0","26.48","0.022521725717999996","0.44912113770341927","0.03295248406246973","0.07166563","0"
"124.0","23.29","0.024153685081999998","0.08648091","0","124.0","28.0","0.026717728027000013","0.09428309","0","124.0","26.51","0.022480591900999998","0.4445439934386525","0.03156724919528517","0.071810775","0"
"125.0","23.48","0.024133008128","0.0890494","0","125.0","28.27","0.026536420709999994","0.09486447","0","125.0","26.51","0.022277317383000005","0.44203220143828126","0.03231353333125872","0.071810775","0"
"126.0","23.46","0.023958387877999993","0.0890494","0","126.0","28.47","0.026568351819999995","0.09486447","0","126.0","26.74","0.022193772873","0.44093671455394357","0.031242089431272994","0.07296036","0"
"127.0","23.58","0.023884156265999996","0.08648091","0","127.0","28.21","0.026263565324999995","0.09488553","0","127.0","26.58","0.022207693254000002","0.44412533813049765","0.030251360262862192","0.07142943","0"
"128.0","23.76","0.023848858030999998","0.08648091","0","128.0","28.31","0.02610984792300001","0.09488553","0","128.0","26.7","0.022198583306000007","0.44237053557945444","0.030370127237112896","0.07515566","0"
"129.0","23.62","0.023845224364999997","0.08648091","0","129.0","28.37","0.026075973753","0.09488553","0","129.0","26.88","0.022078603583000005","0.4397183079580519","0.030864941373665175","0.07222814","0"
"130.0","23.81","0.023822873805999994","0.08648091","0","130.0","28.33","0.02603821129799999","0.09488553","0","130.0","26.65","0.02199839440300001","0.43437667773034194","0.031637209627393845","0.07515566","0"
"131.0","23.71","0.023792174562999997","0.08648091","0","131.0","28.53","0.025836729346999997","0.098838076","0","131.0","26.99","0.022038093758000005","0.43434123723144014","0.029980310187878407","0.07515566","0"
"132.0","23.66","0.023570289289999997","0.08648091","0","132.0","28.53","0.025716663413999995","0.098838076","0","132.0","26.95","0.021857940531","0.43396835171227294","0.03234611123071752","0.07480119","0"
"133.0","23.7","0.023583962654999988","0.08228296","0","133.0","28.61","0.025908022828000005","0.098838076","0","133.0","26.88","0.021658036652000008","0.43029748810742346","0.030730164153416305","0.07480119","0"
"134.0","23.71","0.023604171850999993","0.08228296","0","134.0","28.61","0.025695451664","0.09486447","0","134.0","26.93","0.02157547528400001","0.4297088408637644","0.0307786644342419","0.07270956","0"
"135.0","23.78","0.023568056446999983","0.08228296","0","135.0","28.66","0.025581285259000004","0.09486447","0","135.0","27.09","0.021461841011000005","0.4266769355009842","0.0327522588373485","0.07268559","0"
"136.0","23.93","0.023511327191999984","0.08460327","0","136.0","29.1","0.025448329077000006","0.0948297","0","136.0","27.11","0.021297173625000006","0.4220574395847714","0.031031920431216397","0.0718567","0"
"137.0","23.68","0.023407005215999983","0.08460327","0","137.0","28.96","0.025451157721000008","0.09428309","0","137.0","27.07","0.021226677572999994","0.42242675609651215","0.03247784321318728","0.07176844","0"
"138.0","23.71","0.02341279841999999","0.08460327","0","138.0","28.9","0.025336284294","0.09428309","0","138.0","27.1","0.021214261240999996","0.42022234317310864","0.03293440573095487","0.0718567","0"
"139.0","23.64","0.023486033054999984","0.08460327","0","139.0","28.96","0.02540229646500001","0.09428309","0","139.0","27.21","0.021319506527999996","0.4192042983621181","0.03173591169050877","0.07190843","0"
"140.0","23.98","0.023380396985999984","0.08460327","0","140.0","28.99","0.025180585277999993","0.09428309","0","140.0","27.4","0.021192687647","0.4248660131347297","0.028527002417853647","0.07190843","0"
"141.0","23.94","0.023220254998999993","0.08460327","0","141.0","29.22","0.025013039618999998","0.09428309","0","141.0","27.45","0.021164250789000003","0.4228315962625291","0.031071865003525927","0.07190843","0"
"142.0","24.15","0.023207154717999993","0.08460327","0","142.0","29.27","0.025023220984000002","0.0948297","0","142.0","27.72","0.021170661311000004","0.4216290336171317","0.029393769744592024","0.07115082","0"
"143.0","23.91","0.023101419538999995","0.08460327","0","143.0","29.27","0.024793347881999987","0.099692695","0","143.0","27.68","0.021048532478000013","0.42226624623020315","0.028114788139999222","0.07303259","0"
"144.0","24.03","0.023136930115999994","0.08460327","0","144.0","29.17","0.024716958051","0.099692695","0","144.0","27.89","0.020908391002000003","0.41754989528387576","0.02861563266323683","0.07578939","0"
"145.0","24.01","0.02311879851199999","0.08460327","0","145.0","29.56","0.024725901463","0.099692695","0","145.0","27.66","0.020957271171000005","0.41646067876656473","0.0335797661743062","0.07578939","0"
"146.0","24.12","0.022990419046000007","0.08460327","0","146.0","29.42","0.024484671197999998","0.099692695","0","146.0","28.02","0.02082533958500001","0.4192772515453383","0.035323429929634165","0.07522247","0"
"147.0","24.09","0.022871108665000004","0.08460327","0","147.0","29.36","0.024394175638999992","0.09486447","0","147.0","27.73","0.020775880544","0.41683659191265776","0.03318179681834063","0.07578939","0"
"148.0","23.99","0.022866975752999997","0.08460327","0","148.0","29.64","0.02434923197600001","0.09591869000000001","0","148.0","27.62","0.020829404447999997","0.4141647255117962","0.029708960858516435","0.07691953","0"
"149.0","24.17","0.02274177315","0.08460327","0","149.0","29.5","0.024323513179000004","0.09591869000000001","0","149.0","27.6","0.020822800894999993","0.4101835400999493","0.028968877014024133","0.07331394","0"
"150.0","24.19","0.022705642216","0.08460327","0","150.0","29.57","0.024313028907000014","0.099692695","0","150.0","27.86","0.020796363393999994","0.41659699538415224","0.02842968876721408","0.074568644","0"
"151.0","24.48","0.022601647626999996","0.08460327","0","151.0","29.7","0.024208107282000006","0.09486447","0","151.0","27.9","0.020806560111","0.4128556419967454","0.027140974028672788","0.07331394","0"
"152.0","24.43","0.022544621771999996","0.08460327","0","152.0","29.75","0.024228153117","0.09428309","0","152.0","27.96","0.02072075153499999","0.4108057304587131","0.02658788710235119","0.07331394","0"
"153.0","24.36","0.022432765705","0.08460327","0","153.0","29.56","0.023972160752000007","0.09024245","0","153.0","27.93","0.020664828754999996","0.4121102830922969","0.02716779336241074","0.07155577","0"
"154.0","24.36","0.022302704889000005","0.08466945","0","154.0","29.85","0.023849406267000016","0.09428309","0","154.0","28.05","0.020626010182999987","0.41207278702821226","0.0279973591018933","0.071454495","0"
"155.0","24.48","0.022220278037999995","0.08460327","0","155.0","29.87","0.023812420606000008","0.09428309","0","155.0","28.01","0.020571932469000003","0.4061752798633935","0.029208274304878892","0.07253897","0"
"156.0","24.59","0.022123675450000005","0.08460327","0","156.0","29.99","0.023728537315000006","0.09428309","0","156.0","28.06","0.0204725689","0.406913918303726","0.02909822726270385","0.07234146","0"
"157.0","24.63","0.02199418723800001","0.0824285","0","157.0","29.89","0.023565536247999997","0.09428309","0","157.0","28.14","0.020435496191","0.40475520669510556","0.029322700528841436","0.072875604","0"
"158.0","24.53","0.022064927531000006","0.0824285","0","158.0","29.82","0.023533269716999997","0.091635086","0","158.0","28.28","0.020467375839000004","0.4050303649793113","0.026020833892662232","0.072875604","0"
"159.0","24.87","0.022030095474000005","0.0824285","0","159.0","30.09","0.023340756686","0.08797479","0","159.0","28.12","0.020394984465","0.4042906102858723","0.0272048963084021","0.07258358","0"
"160.0","24.72","0.02190407664600001","0.0824285","0","160.0","30.03","0.023336469100000007","0.08621549999999999","0","160.0","28.62","0.020299469940000002","0.3997776101657074","0.025518725763010636","0.0706047","0"
"161.0","24.85","0.021880684355","0.08072612399999998","0","161.0","30.03","0.023198129190000007","0.08621549999999999","0","161.0","28.42","0.020288483358","0.39949616735861143","0.026711547237898238","0.06950146","0"
"162.0","24.85","0.021801985714000004","0.08072612399999998","0","162.0","30.13","0.023104499165000004","0.09031053","0","162.0","28.36","0.020243694673999998","0.4005913783358992","0.02769042839376341","0.066706605","0"
"163.0","24.79","0.021764960426000006","0.08072612399999998","0","163.0","30.11","0.022951628056999997","0.09031053","0","163.0","28.37","0.020208121412","0.40192111259633334","0.025030138147981527","0.06942855","0"
"164.0","24.79","0.021608688065999998","0.08072612399999998","0","164.0","30.13","0.022916620352000004","0.08534589399999999","0","164.0","28.47","0.020174894316000006","0.40062427350637736","0.025496251497532825","0.06941419","0"
"165.0","24.91","0.021587704578","0.08072612399999998","0","165.0","30.21","0.022937969266","0.085396014","0","165.0","28.39","0.02011046238100001","0.3983607720025089","0.026415054837550734","0.06941419","0"
"166.0","24.87","0.021481891746","0.08072612399999998","0","166.0","30.25","0.022810093216","0.085396014","0","166.0","28.73","0.020072804804000012","0.3991177512988829","0.0312108810484351","0.071454495","0"
"167.0","25.01","0.021495110723000005","0.08040312","0","167.0","30.22","0.022699188595999998","0.085396014","0","167.0","29.12","0.020081393633","0.40030265367304196","0.030933198281196162","0.06783578","0"
"168.0","25.04","0.021499754624000004","0.07985421","0","168.0","30.36","0.022758140455999998","0.085396014","0","168.0","28.94","0.020053213836000002","0.40056226397753336","0.031371278394766444","0.06990126","0"
"169.0","25.03","0.021430234291000005","0.07985421","0","169.0","30.41","0.022628612563999995","0.085396014","0","169.0","29.38","0.020010053086","0.3981258111461478","0.029686532760716408","0.07077494","0"
"170.0","25.27","0.021379114712000005","0.07985421","0","170.0","30.44","0.022614608069","0.08487813","0","170.0","29.15","0.020039853754000005","0.39852515429024465","0.026111316809358597","0.071454495","0"
"171.0","25.3","0.02134991312700001","0.07985421","0","171.0","30.46","0.022523608872999996","0.08487813","0","171.0","28.95","0.019967418926000003","0.39540903795768734","0.02747293285010709","0.07357024","0"
"172.0","25.01","0.021311144332000015","0.07985421","0","172.0","30.6","0.022413965509","0.091635086","0","172.0","29.32","0.019915819102","0.39199729024764307","0.02583658666164824","0.073033944","0"
"173.0","25.33","0.021265596008999993","0.07985421","0","173.0","30.62","0.022426276441999998","0.091635086","0","173.0","28.72","0.019893852139999998","0.39740682921496023","0.03218125875477512","0.0771855","0"
"174.0","25.1","0.021082119920000003","0.07985421","0","174.0","30.56","0.022322447795999997","0.09211151","0","174.0","29.15","0.019841433138","0.39594547532432395","0.028966527923363107","0.073777735","0"
"175.0","25.41","0.021087263284","0.07985421","0","175.0","30.51","0.022321933735999996","0.09211151","0","175.0","28.95","0.01979530989","0.39487313972066107","0.02829681467067486","0.071487226","0"
"176.0","25.21","0.021050797359000003","0.08040312","0","176.0","30.62","0.022175196278","0.09211151","0","176.0","29.34","0.019686729312999997","0.39358813206454973","0.028643511975186057","0.07113123","0"
"177.0","25.23","0.021019365507999998","0.07998997","0","177.0","30.55","0.022211217424000004","0.09211151","0","177.0","29.67","0.019656798744","0.39403086583783015","0.029926456000573677","0.07113123","0"
"178.0","25.14","0.020920938226","0.07998997","0","178.0","30.4","0.022134249502000002","0.09211151","0","178.0","29.52","0.019633874855000004","0.39149624610042055","0.03127787794177446","0.074113235","0"
"179.0","25.24","0.021010893259999993","0.07998997","0","179.0","30.58","0.022091068716","0.09318633","0","179.0","29.26","0.019588107289000005","0.3885653702244001","0.032725427931931554","0.07249985","0"
"180.0","25.12","0.020913141533000005","0.07998997","0","180.0","30.58","0.022082189912000002","0.09197591","0","180.0","29.02","0.019505158130000005","0.38769719265450725","0.02685267209579128","0.071402654","0"
"181.0","25.16","0.02086723138700001","0.07998997","0","181.0","30.75","0.021979117727000008","0.09197591","0","181.0","28.96","0.019504217062000003","0.3887105436887745","0.02650958571780675","0.0713367","0"
"182.0","25.11","0.020860200322","0.07998997","0","182.0","30.92","0.02202048505800001","0.09318633","0","182.0","29.09","0.019444678698000005","0.3868382336456445","0.02703044744921901","0.070647754","0"
"183.0","25.21","0.020805684189000005","0.07998997","0","183.0","30.64","0.022024467572000005","0.09318633","0","183.0","29.26","0.01938496214","0.3860567837066013","0.028628644241216524","0.070647754","0"
"184.0","25.41","0.020720783485","0.08032133","0","184.0","31.0","0.021954248442","0.09318633","0","184.0","29.19","0.019392547779000003","0.3846443803890341","0.02909633108204293","0.06783578","0"
"185.0","25.41","0.020644897885000003","0.08032133","0","185.0","31.14","0.021889389352000004","0.09318633","0","185.0","29.13","0.019342845461","0.387803694511251","0.035298221055618154","0.06783578","0"
"186.0","25.34","0.020551546978","0.08032133","0","186.0","31.04","0.021794670566000006","0.093813166","0","186.0","29.5","0.019330569686999994","0.3817859366508358","0.02517678859435108","0.06783578","0"
"187.0","25.42","0.020495504920000004","0.07985421","0","187.0","30.87","0.021668068111999998","0.094628826","0","187.0","29.24","0.019310256802999998","0.38406132151073424","0.032714967003556056","0.071454495","0"
"188.0","25.47","0.020492163435000002","0.08032133","0","188.0","31.15","0.021581329835","0.094628826","0","188.0","29.4","0.019294348744","0.3836246746612187","0.03125723841054418","0.0708458","0"
"189.0","25.44","0.020395609282000002","0.08013281","0","189.0","31.08","0.021602351785999993","0.094628826","0","189.0","29.41","0.019276562123","0.37952220213497306","0.0301850034310135","0.0708458","0"
"190.0","25.53","0.020412245869","0.08013281","0","190.0","31.15","0.021522171084000008","0.094628826","0","190.0","29.5","0.01923281561","0.3814261676822184","0.025084387003250375","0.071361125","0"
"191.0","25.68","0.020337292551000002","0.08013281","0","191.0","31.22","0.021513528356","0.094628826","0","191.0","29.41","0.019172755437","0.3805408335457189","0.026385706747009584","0.07132505","0"
"192.0","25.68","0.020282784579","0.08013281","0","192.0","31.19","0.021499145769000007","0.094628826","0","192.0","29.58","0.019132081787000002","0.377916785319709","0.02626465850756752","0.07110925","0"
"193.0","25.65","0.02027580019","0.08040312","0","193.0","31.46","0.021438950168999993","0.093813166","0","193.0","29.39","0.019121302521000003","0.3766519710678775","0.027677880837424108","0.06876768","0"
"194.0","25.63","0.020211084064000004","0.08040312","0","194.0","31.41","0.021327474273000004","0.094628826","0","194.0","29.53","0.019025384242000003","0.37788903886363556","0.025757638324062825","0.0708458","0"
"195.0","25.63","0.020111499439000004","0.076784216","0","195.0","31.54","0.021297740714","0.094628826","0","195.0","29.57","0.019007003516","0.37599268635757566","0.026573590099433962","0.0708458","0"
"196.0","25.64","0.020095323875000005","0.076784216","0","196.0","31.27","0.02122103193599999","0.09576305999999998","0","196.0","29.49","0.018924883711999997","0.37636783542569224","0.026490851435036218","0.07006628","0"
"197.0","25.44","0.019970427978000006","0.076784216","0","197.0","31.36","0.021259255367999996","0.09576305999999998","0","197.0","29.55","0.018872562265","0.37854359698777557","0.026692950639828957","0.07006628","0"
"198.0","25.46","0.019927768497000002","0.076784216","0","198.0","31.32","0.021307399792000005","0.09576305999999998","0","198.0","29.77","0.018805778926000008","0.3717028758001457","0.027910488210385758","0.07110925","0"
"199.0","25.58","0.019920256658000002","0.07606675","0","199.0","31.69","0.021289722397000003","0.09576305999999998","0","199.0","29.8","0.018808801755000007","0.37020520905741927","0.02575449449565624","0.07006628","0"
"200.0","25.49","0.019926009829000006","0.076784216","0","200.0","31.56","0.021209948840000006","0.09576305999999998","0","200.0","29.55","0.01875529905400001","0.375394958100509","0.025637631187716968","0.07432596","0"
"201.0","25.58","0.019894773019000004","0.076784216","0","201.0","31.48","0.021166656556000002","0.09576305999999998","0","201.0","29.73","0.018755139783000006","0.37146419426264926","0.027911949028116386","0.07006628","0"
"202.0","25.5","0.019858243769000004","0.076784216","0","202.0","31.51","0.020994737249999996","0.09488193","0","202.0","29.75","0.018731682903","0.3717898250555342","0.028594642381686942","0.07278116","0"
"203.0","25.71","0.019866701272999998","0.07606675","0","203.0","31.44","0.021019496932","0.09576305999999998","0","203.0","29.81","0.018729401698999993","0.370853985463463","0.026386488231421625","0.07380862","0"
"204.0","25.57","0.019913300109999997","0.07606675","0","204.0","31.54","0.020943499763999996","0.09488193","0","204.0","29.83","0.01872514327","0.3725580265671286","0.026610121811074822","0.073799826","0"
"205.0","25.67","0.019841409088999996","0.07606675","0","205.0","31.35","0.021010986673999997","0.09488193","0","205.0","29.98","0.018680580369000003","0.3695112464136849","0.026104595146367128","0.073799826","0"
"206.0","25.52","0.019827271415999995","0.07606675","0","206.0","31.59","0.020992175773000006","0.09591869000000001","0","206.0","29.91","0.018665851269000003","0.37566707530964744","0.027915874088360396","0.073799826","0"
"207.0","25.82","0.019742920162999996","0.07606675","0","207.0","31.73","0.021008145832","0.09591869000000001","0","207.0","30.11","0.018621622873","0.37193285474667986","0.026584459812579387","0.07144639","0"
"208.0","25.78","0.019752485573","0.07606675","0","208.0","31.98","0.020878952796000005","0.09488193","0","208.0","29.86","0.018638157369","0.3746786337709442","0.02610824993030737","0.068410106","0"
"209.0","25.86","0.019755772922999997","0.07606675","0","209.0","31.88","0.020829592796999995","0.09895636","0","209.0","29.98","0.018605206286999996","0.36842443019714094","0.024922404511190467","0.0708891","0"
"210.0","25.72","0.019778662247","0.07606675","0","210.0","31.83","0.020739034503000006","0.098822355","0","210.0","29.62","0.01860983914","0.3689768913698001","0.025643250655231403","0.071761385","0"
"211.0","25.67","0.01963295958","0.07606675","0","211.0","31.76","0.020721076839000006","0.098822355","0","211.0","30.65","0.018570982575999997","0.3682804560598921","0.025399668871418334","0.07266525","0"
"212.0","25.86","0.019678571964","0.07606675","0","212.0","31.81","0.020666091224000014","0.09591869000000001","0","212.0","29.73","0.018526630107999997","0.3658386138190539","0.025601399340189377","0.07359805","0"
"213.0","25.54","0.019666273829999997","0.07610961","0","213.0","31.86","0.02048586621000001","0.0958258","0","213.0","30.13","0.018501406808","0.36646076924143856","0.026255285915576878","0.07416785","0"
"214.0","25.68","0.019623092935999998","0.076784216","0","214.0","32.06","0.020441255573","0.094628826","0","214.0","30.15","0.01844667036","0.3610668528319684","0.024350757678664438","0.07281794","0"
"215.0","25.89","0.019628174175999994","0.076784216","0","215.0","32.11","0.02055380457700001","0.094628826","0","215.0","30.19","0.018391837180000006","0.3657834013010828","0.02471438664832545","0.07359805","0"
"216.0","25.8","0.01955542565899999","0.076784216","0","216.0","32.16","0.020575857766999998","0.09591869000000001","0","216.0","29.95","0.018395170703999996","0.36677131254419115","0.026013693663246334","0.07359805","0"
"217.0","25.92","0.019536827586999997","0.076784216","0","217.0","32.06","0.02049143066200001","0.09591869000000001","0","217.0","29.88","0.018421572079999997","0.36615235120522044","0.025495997668863662","0.07426374","0"
"218.0","25.99","0.019499156823999993","0.076784216","0","218.0","32.1","0.020416259391000013","0.09591869000000001","0","218.0","30.16","0.018425411470999995","0.36600925839383863","0.025562681649786742","0.07426374","0"
"219.0","26.01","0.019471194137","0.08040312","0","219.0","32.25","0.020365018181000002","0.094628826","0","219.0","29.96","0.018428766240999997","0.36421849652187555","0.025001064760896374","0.07444852","0"
"220.0","25.88","0.019420670345999994","0.08040312","0","220.0","32.04","0.020343323945000005","0.09591869000000001","0","220.0","30.03","0.018380335055","0.3647433349256557","0.023961599620394965","0.07351038","0"
"221.0","25.84","0.019328554753","0.08005975999999998","0","221.0","32.14","0.020359572401000007","0.09591869000000001","0","221.0","30.2","0.018351808653999997","0.3650787514678885","0.026013759764384296","0.07055548","0"
"222.0","25.85","0.019277641922","0.08005975999999998","0","222.0","32.55","0.020356134213000004","0.09591869000000001","0","222.0","30.02","0.018351576930999997","0.36930893233776013","0.027465747853990773","0.07055548","0"
"223.0","25.96","0.019349070887","0.08005975999999998","0","223.0","32.28","0.020360583552000006","0.094628826","0","223.0","30.19","0.018340659772000008","0.3636076708495232","0.02741854422088057","0.073043644","0"
"224.0","25.94","0.019303892799999996","0.08005975999999998","0","224.0","32.38","0.020389007058000005","0.094628826","0","224.0","30.35","0.01826707403700001","0.3631208320890885","0.02523816103400962","0.073043644","0"
"225.0","26.09","0.019329451523999994","0.08005975999999998","0","225.0","32.48","0.020306051912","0.09591869000000001","0","225.0","30.35","0.018298953461999997","0.3653940297905124","0.025547077326021052","0.07055548","0"
"226.0","25.86","0.019274019523999996","0.08005975999999998","0","226.0","32.32","0.020240908785","0.09591869000000001","0","226.0","30.18","0.018291595103999997","0.36187235060499395","0.02607085240666291","0.071454495","0"
"227.0","26.05","0.019285216298999992","0.08005975999999998","0","227.0","32.39","0.020257898533","0.09591869000000001","0","227.0","30.61","0.018253150584","0.35837643598219665","0.025779498064946383","0.07264349","0"
"228.0","26.24","0.019275272465999988","0.08005975999999998","0","228.0","32.35","0.020268864443000006","0.09591869000000001","0","228.0","30.03","0.018230376734999994","0.36385788783721834","0.02696620717542196","0.07629331","0"
"229.0","26.17","0.01916264304899999","0.08005975999999998","0","229.0","32.43","0.020204908335000007","0.09591869000000001","0","229.0","30.08","0.018197484417999996","0.3615855762318717","0.02784855489796929","0.071454495","0"
"230.0","26.15","0.019237091948999988","0.08005975999999998","0","230.0","32.5","0.020199036551999998","0.09591869000000001","0","230.0","30.28","0.018180399328","0.3618633906534632","0.02692456800717078","0.06900104","0"
"231.0","26.1","0.01918726130799999","0.08005975999999998","0","231.0","32.47","0.020132975382000002","0.094628826","0","231.0","30.29","0.018165931884999993","0.3612022821778373","0.02736756014507803","0.071454495","0"
"232.0","26.26","0.019136675699999994","0.08005975999999998","0","232.0","32.53","0.020142766268999995","0.09420779","0","232.0","30.43","0.018165290589999997","0.3632664814696191","0.02718883774186495","0.071454495","0"
"233.0","26.17","0.019078417246999997","0.08005975999999998","0","233.0","32.57","0.02010577424599999","0.09420779","0","233.0","30.83","0.018129070836999994","0.35791481647526935","0.02519506963165577","0.071454495","0"
"234.0","26.19","0.019084504321999998","0.08005975999999998","0","234.0","32.51","0.020161884959999998","0.09420779","0","234.0","30.38","0.018137436048999995","0.36153717469543856","0.025207168570744513","0.071454495","0"
"235.0","26.14","0.01907365216399999","0.08005975999999998","0","235.0","32.63","0.020103202367999996","0.09420779","0","235.0","30.25","0.018107882581999996","0.3592490083845059","0.026049119897458176","0.07272347","0"
"236.0","26.19","0.019002165602999995","0.08005975999999998","0","236.0","32.74","0.020022469767000003","0.09420779","0","236.0","30.08","0.018039519477999998","0.35724504996080325","0.023822070051631707","0.07266247","0"
"237.0","26.0","0.019010274409999996","0.08005975999999998","0","237.0","32.68","0.019977169081999993","0.09346825","0","237.0","30.64","0.018024600211","0.35414665196423023","0.02447703563106583","0.07181073","0"
"238.0","26.03","0.01907748358","0.08005975999999998","0","238.0","32.77","0.019978554768","0.09318633","0","238.0","30.32","0.018039430946999998","0.3600078666855006","0.027226918416742154","0.07092887","0"
"239.0","26.16","0.019022874287999994","0.08005975999999998","0","239.0","32.86","0.019971340691","0.09318633","0","239.0","30.49","0.018042514719999993","0.3553546109185815","0.025465496945715003","0.07092887","0"
"240.0","26.2","0.019015665168999992","0.08005975999999998","0","240.0","32.8","0.01998524403","0.09293480999999999","0","240.0","30.59","0.018034886289999996","0.35813763657438263","0.025636296579063304","0.07092887","0"
"241.0","26.39","0.018974434738","0.08005975999999998","0","241.0","32.83","0.019830732894999998","0.09318633","0","241.0","30.52","0.018008049394999993","0.3555786120925575","0.02360763097856625","0.07085905","0"
"242.0","26.33","0.018981695028000005","0.08005975999999998","0","242.0","32.89","0.019827089237","0.09346825","0","242.0","30.54","0.017951199156999994","0.35705202914912854","0.026425981153426824","0.070143856","0"
"243.0","26.37","0.018880578143999998","0.08005975999999998","0","243.0","33.0","0.019768357807000002","0.09346825","0","243.0","30.58","0.017876476844999992","0.354869752157842","0.026588428174972936","0.07691326","0"
"244.0","26.49","0.018915909040999993","0.08005975999999998","0","244.0","32.95","0.019684026638999996","0.09346825","0","244.0","30.44","0.017827266438999997","0.35059975339845595","0.02337604884666876","0.070143856","0"
"245.0","26.34","0.018874679268","0.08005975999999998","0","245.0","33.21","0.019669000913999996","0.09346825","0","245.0","30.73","0.017767599343999994","0.3511147543834637","0.02387363319806164","0.07267386","0"
"246.0","26.64","0.018921865862","0.08005975999999998","0","246.0","33.4","0.019518137423999996","0.09346825","0","246.0","30.78","0.017751615250999993","0.3479666878982753","0.02436064006459484","0.071220845","0"
"247.0","26.45","0.018810591563","0.08005975999999998","0","247.0","32.91","0.019479318906999995","0.094628826","0","247.0","30.75","0.017698154617","0.35055327323996194","0.025035481511138928","0.070143856","0"
"248.0","26.65","0.018813244741999996","0.08005975999999998","0","248.0","33.32","0.01937868142199999","0.09576305999999998","0","248.0","30.71","0.017699169689999995","0.3538548141106718","0.026277182042938274","0.07453293","0"
"249.0","26.47","0.018866852944999995","0.07701725","0","249.0","33.11","0.01939981458699999","0.09576305999999998","0","249.0","30.71","0.017714842757000002","0.3489844539951322","0.025000389448154123","0.07328667","0"
"250.0","26.58","0.018825717194999994","0.07701725","0","250.0","33.11","0.01934673721599999","0.09576305999999998","0","250.0","30.79","0.017635644580000002","0.3511860721517268","0.02409489512421721","0.07328667","0"
"251.0","26.42","0.018780407751","0.07701725","0","251.0","33.23","0.01934575104999999","0.09576305999999998","0","251.0","30.78","0.017581490460999997","0.3492120758043541","0.02714409166526472","0.07234334","0"
"252.0","26.62","0.018785701021000002","0.07701725","0","252.0","33.22","0.019320552337999987","0.09576305999999998","0","252.0","30.74","0.017559700604999996","0.3519518262611266","0.02652801628123534","0.075285986","0"
"253.0","26.47","0.018659444414999993","0.07701725","0","253.0","32.99","0.019278840426999993","0.09346825","0","253.0","30.88","0.017516684321999997","0.3493594736435239","0.02532875524728647","0.074339546","0"
"254.0","26.46","0.018655371359000004","0.07701725","0","254.0","33.33","0.019297509760999993","0.09576305999999998","0","254.0","31.14","0.017416650730000004","0.3455351193551679","0.024914160073272806","0.07255202","0"
"255.0","26.64","0.018606315005","0.07701725","0","255.0","33.35","0.019292791163","0.09576305999999998","0","255.0","30.95","0.017434639962000006","0.34425269427185734","0.024772068755858134","0.07255202","0"
"256.0","26.52","0.018592465596000002","0.07701725","0","256.0","33.3","0.019158162532","0.09576305999999998","0","256.0","30.95","0.017322620458999998","0.3420067564609597","0.023067812681079748","0.07255202","0"
"257.0","26.48","0.018592829095999994","0.07701725","0","257.0","33.34","0.019128771832999998","0.09576305999999998","0","257.0","31.02","0.017338019713000002","0.3396305363686092","0.023810973882985302","0.07328667","0"
"258.0","26.68","0.018699039804999998","0.07701725","0","258.0","33.26","0.019113894484999994","0.09576305999999998","0","258.0","31.05","0.017260343332","0.34075635509558255","0.025463507623945017","0.07349993","0"
"259.0","26.44","0.018695849754000002","0.07701725","0","259.0","33.31","0.019047802541","0.09576305999999998","0","259.0","30.75","0.017290842642000002","0.3401555905152753","0.02367037569708459","0.073199004","0"
"260.0","26.65","0.018666491998000002","0.077534616","0","260.0","33.27","0.01907129571099999","0.09576305999999998","0","260.0","31.08","0.01726953605300001","0.34023717179886","0.025292707402730305","0.0750393","0"
"261.0","26.9","0.018620089007000004","0.077534616","0","261.0","33.45","0.019010293773","0.09576305999999998","0","261.0","31.0","0.017242512656000006","0.3404096648393121","0.020825067297118353","0.07343775","0"
"262.0","26.47","0.018603329097000007","0.07561704","0","262.0","33.39","0.019018709730999995","0.09576305999999998","0","262.0","31.06","0.017230494657000005","0.33739555095099766","0.02022035770978543","0.07343775","0"
"263.0","26.52","0.018583527699","0.07561704","0","263.0","33.63","0.018968202491000005","0.09576305999999998","0","263.0","31.15","0.017166309182","0.33394614116893573","0.023371304285554718","0.07515566","0"
"264.0","26.54","0.018595339636","0.077534616","0","264.0","33.35","0.018949969879000005","0.09576305999999998","0","264.0","31.17","0.017160234801","0.3373039995290523","0.021982175439791973","0.07515566","0"
"265.0","26.49","0.018582056035999998","0.077534616","0","265.0","33.35","0.018950313066000007","0.09576305999999998","0","265.0","31.16","0.017139607599999992","0.3405413823716461","0.02300470700478882","0.07498447","0"
"266.0","26.74","0.018558566223999998","0.07561704","0","266.0","33.45","0.018894772753","0.09576305999999998","0","266.0","31.34","0.017143679842","0.34309450274694003","0.023778464139750603","0.07680279","0"
"267.0","26.73","0.018551646068999998","0.07561704","0","267.0","33.49","0.018868857758","0.095694065","0","267.0","30.91","0.017055704322","0.3395725810346638","0.024974344694037972","0.07596592","0"
"268.0","26.69","0.018566105642000005","0.07561704","0","268.0","33.34","0.018854046539","0.095694065","0","268.0","31.16","0.016996515972000005","0.34026057494473283","0.023872831610708203","0.07596592","0"
"269.0","26.61","0.018523425464","0.07561704","0","269.0","33.32","0.018840887121000002","0.09576305999999998","0","269.0","30.99","0.01694889999","0.3375607162937182","0.02254744176739114","0.07695757","0"
"270.0","26.66","0.018518646912000003","0.07561704","0","270.0","33.44","0.018792451679000004","0.095694065","0","270.0","31.05","0.016950810631","0.33820509143867994","0.02303696456471338","0.07695757","0"
"271.0","26.71","0.018485772505000008","0.07561704","0","271.0","33.67","0.018849124617999997","0.095694065","0","271.0","30.98","0.016879351982999998","0.33355460168511025","0.026739074011795965","0.076413594","0"
"272.0","26.64","0.018369160887","0.07561704","0","272.0","33.4","0.018788254269999995","0.095694065","0","272.0","30.98","0.016863790101","0.33216160095436964","0.02376067783214748","0.07650646","0"
"273.0","26.57","0.018309822038","0.07550758","0","273.0","33.46","0.018698897445999996","0.095694065","0","273.0","31.07","0.016893894699999995","0.335478281524827","0.021805030731311827","0.07690866","0"
"274.0","26.74","0.018303814748000004","0.07550758","0","274.0","33.58","0.01868666008","0.094628826","0","274.0","30.94","0.016876051669999996","0.33537782408390293","0.02807943173021581","0.07515566","0"
"275.0","26.7","0.01842663559","0.07550758","0","275.0","33.58","0.018706277623","0.094628826","0","275.0","31.04","0.016812914234999997","0.33222307205397683","0.02290775277901846","0.072756805","0"
"276.0","26.52","0.018302635127","0.07550758","0","276.0","33.56","0.018690388902000005","0.094628826","0","276.0","31.24","0.016802239252","0.33077907447608595","0.024214407083459153","0.072756805","0"
"277.0","26.71","0.018306960843","0.07550758","0","277.0","33.47","0.018649465547","0.094628826","0","277.0","31.4","0.016738733605","0.3303151197871188","0.024476242259511012","0.072664104","0"
"278.0","26.59","0.018262994663000003","0.07561704","0","278.0","33.75","0.018572466324000007","0.094287194","0","278.0","31.45","0.016707658780999998","0.3308006953277943","0.025615262512306742","0.07236063","0"
"279.0","26.62","0.018229449048000005","0.07561704","0","279.0","33.69","0.018579359275999997","0.094287194","0","279.0","31.31","0.016730270598","0.33455527362075393","0.028868536948326234","0.07514924","0"
"280.0","26.73","0.018200520040000005","0.07561704","0","280.0","33.71","0.018509060185","0.094287194","0","280.0","31.3","0.016694142892999995","0.33076455637131574","0.028467745341919138","0.07514924","0"
"281.0","26.59","0.018213750620000007","0.07561704","0","281.0","33.9","0.018448629836999998","0.094628826","0","281.0","31.16","0.016638608061000003","0.3317271105274625","0.02719202805331252","0.07284515","0"
"282.0","26.66","0.018188328795","0.07561704","0","282.0","33.91","0.018442623987999996","0.094628826","0","282.0","31.18","0.016553498228","0.3290685873852546","0.022883495242312146","0.07276331","0"
"283.0","26.67","0.018182902982","0.075272985","0","283.0","33.99","0.018420611298","0.094628826","0","283.0","31.2","0.01652602995","0.32727946597459345","0.022607852795583038","0.072756566","0"
"284.0","26.67","0.018194835908000005","0.075272985","0","284.0","33.94","0.018494507675000004","0.094628826","0","284.0","31.24","0.016552616682","0.32848846900821344","0.02238280813158894","0.07531616","0"
"285.0","26.66","0.018201089666000002","0.075272985","0","285.0","33.97","0.018421383345000007","0.094628826","0","285.0","31.19","0.016410090350000003","0.32364864050687864","0.021647256837650727","0.07531616","0"
"286.0","26.67","0.01817070181299999","0.07561704","0","286.0","33.73","0.01846423192200001","0.094628826","0","286.0","31.33","0.016414964275000006","0.3246537524511073","0.02216032511956491","0.075863585","0"
"287.0","26.65","0.018178982074999996","0.07561704","0","287.0","33.76","0.018422076509000004","0.094628826","0","287.0","31.2","0.016428956645000003","0.32417149440513016","0.02192229535350676","0.075863585","0"
"288.0","26.7","0.018150726397999997","0.07561704","0","288.0","33.97","0.018424495569000002","0.094628826","0","288.0","31.28","0.016401316739","0.32736798185558574","0.024042462639923427","0.07517849","0"
"289.0","27.14","0.018138841629","0.074438944","0","289.0","33.82","0.018413017246","0.094628826","0","289.0","31.34","0.016381245621000004","0.324579684243566","0.02135627864016791","0.075863585","0"
"290.0","26.99","0.018132655446999997","0.074438944","0","290.0","34.02","0.018340551589999997","0.094628826","0","290.0","31.26","0.016249814161","0.322959243406735","0.023177085627504423","0.070811905","0"
"291.0","26.9","0.018104407801999997","0.074438944","0","291.0","33.91","0.018356760571","0.094628826","0","291.0","31.21","0.016256717387000005","0.31858967458125814","0.022539906184092434","0.07237363","0"
"292.0","26.83","0.018102046616999996","0.07326747","0","292.0","34.07","0.018337458726000004","0.094628826","0","292.0","31.21","0.016253731382","0.32461949714480026","0.02387174721847532","0.075863585","0"
"293.0","26.84","0.018224907670999994","0.07326747","0","293.0","33.9","0.018269451888999998","0.094628826","0","293.0","31.26","0.016217629014","0.32377766297668437","0.025770568301048357","0.07219553","0"
"294.0","27.01","0.018224446664999994","0.07326747","0","294.0","34.11","0.018241770318","0.094628826","0","294.0","31.06","0.016222078975","0.32086216354846797","0.022484671861584125","0.07219553","0"
"295.0","27.02","0.018216463453999993","0.07326747","0","295.0","34.25","0.018161407618","0.094628826","0","295.0","31.28","0.016243965050000007","0.31878729266934125","0.022933488356381614","0.07287058","0"
"296.0","26.8","0.018108712102999996","0.07326747","0","296.0","34.55","0.01817927146200001","0.09362072000000002","0","296.0","31.75","0.016248575668","0.32070921362190596","0.022810186351814924","0.075842366","0"
"297.0","26.9","0.018191615718999993","0.07326747","0","297.0","34.42","0.01811494514600001","0.09362072000000002","0","297.0","31.42","0.016239929026","0.323277605504586","0.023357062527736477","0.07515566","0"
"298.0","26.87","0.018072250327999997","0.07326747","0","298.0","34.32","0.018043911353000014","0.09362072000000002","0","298.0","31.2","0.016216934877000003","0.32388219876199625","0.022536055872406115","0.07081789","0"
"299.0","26.93","0.01816682065","0.07439915","0","299.0","34.43","0.018004212782000005","0.094628826","0","299.0","31.54","0.016196165454000003","0.3157252552592304","0.019874735426249804","0.07081789","0"
