"0.0","2.28","0.29585412739999994","0.20711747","0","0.0","5.96","0.5778908953999999","0.4105611","0"
"1.0","1.8","0.28185246460000013","0.22450306","0","1.0","5.52","0.5035506743000001","0.33968583","0"
"2.0","1.84","0.26297395450000005","0.22239496","0","2.0","5.56","0.45418859440000003","0.32366762","0"
"3.0","1.97","0.25581790619999994","0.21377148","0","3.0","5.62","0.41403325","0.29277265","0"
"4.0","2.17","0.24100309419999996","0.20690064","0","4.0","5.82","0.3778644435999999","0.28265104","0"
"5.0","2.33","0.2278418450999999","0.19915085","0","5.0","6.03","0.36653002984999994","0.2799954","0"
"6.0","2.54","0.22158920375000007","0.1935773","0","6.0","6.52","0.3335381429","0.26462883","0"
"7.0","2.87","0.2162296994","0.18958122","0","7.0","6.82","0.30831851007","0.24539682","0"
"8.0","3.05","0.20559829582000003","0.18924493","0","8.0","7.23","0.29967819312","0.22839321","0"
"9.0","3.48","0.1982530289700001","0.18063003","0","9.0","7.66","0.29087289512","0.23312011","0"
"10.0","3.91","0.19523497360999997","0.16518131","0","10.0","8.08","0.2760674226599999","0.2124714","0"
"11.0","4.49","0.18957547884999998","0.16546117999999999","0","11.0","8.56","0.26432213903","0.22157623","0"
"12.0","4.95","0.18455903223999992","0.15367478","0","12.0","8.93","0.25680001529999985","0.22487142999999998","0"
"13.0","5.28","0.17777778727999993","0.14630857","0","13.0","9.49","0.24009071009000002","0.21264142","0"
"14.0","5.74","0.17274727343","0.1488396","0","14.0","9.62","0.23453439440999993","0.21814793","0"
"15.0","6.03","0.16718269710000008","0.14628872","0","15.0","9.96","0.22063368682999993","0.21182446","0"
"16.0","6.48","0.16158634623","0.14628872","0","16.0","10.4","0.21513872456000005","0.21713084","0"
"17.0","6.71","0.15758997918000006","0.1453204","0","17.0","10.8","0.20668490926","0.20336771000000003","0"
"18.0","7.03","0.15305407851000005","0.14700237","0","18.0","10.99","0.20249361631000004","0.21011841","0"
"19.0","7.4","0.14905664592999998","0.13603905","0","19.0","11.28","0.19468969663000002","0.21035343","0"
"20.0","7.66","0.14390226122999997","0.13597663","0","20.0","11.67","0.18680891957999995","0.20373827","0"
"21.0","8.06","0.14101230778999999","0.13986072","0","21.0","11.75","0.18237964055999994","0.20222513","0"
"22.0","8.3","0.13586928024000003","0.13576292","0","22.0","11.96","0.17838131224999995","0.19403027","0"
"23.0","8.6","0.13415672328000003","0.14502168","0","23.0","12.24","0.17440208761000003","0.19242714","0"
"24.0","8.94","0.13196343665000002","0.13825747","0","24.0","12.68","0.16973718977000002","0.19124836","0"
"25.0","9.13","0.12850389673","0.13461567","0","25.0","12.89","0.16369370420999999","0.19345646","0"
"26.0","9.3","0.12645004078000002","0.13277417","0","26.0","13.09","0.15754655945999999","0.1871587","0"
"27.0","9.64","0.12361323377999993","0.13587","0","27.0","13.41","0.15347281982000002","0.18055212","0"
"28.0","9.8","0.12151606099000001","0.12940893","0","28.0","13.67","0.15173739551","0.18740273","0"
"29.0","10.09","0.11964356627999996","0.12834579","0","29.0","13.85","0.15032649686","0.18904991","0"
"30.0","10.22","0.11770551267999997","0.12790558","0","30.0","14.13","0.14669717456999998","0.18960351","0"
"31.0","10.5","0.11625662776999997","0.121169","0","31.0","14.19","0.14308781295000006","0.18272245","0"
"32.0","10.76","0.11473017358999993","0.120255426","0","32.0","14.38","0.13950594493000001","0.18021694","0"
"33.0","10.87","0.11228775304","0.12212177","0","33.0","14.68","0.13639845309","0.18270748999999997","0"
"34.0","11.11","0.11074592949999999","0.12834579","0","34.0","14.89","0.13490198658999997","0.17780413","0"
"35.0","11.4","0.10932295041","0.13212399","0","35.0","15.04","0.1327561286","0.17982621","0"
"36.0","11.65","0.10746880700000001","0.12790558","0","36.0","15.27","0.13091343896000004","0.18195236","0"
"37.0","11.8","0.10593085058999999","0.12834579","0","37.0","15.41","0.12844149437000005","0.18677957","0"
"38.0","11.99","0.10528098861999999","0.1280153","0","38.0","15.85","0.12681590883999996","0.17703706","0"
"39.0","12.27","0.10360928933","0.13381705","0","39.0","16.15","0.12447160180000003","0.17791473999999996","0"
"40.0","12.4","0.10262496640999999","0.13388318","0","40.0","16.23","0.12378926295000006","0.17914149999999998","0"
"41.0","12.71","0.10121143490999997","0.13561513","0","41.0","16.26","0.12146132188999999","0.17914149999999998","0"
"42.0","12.9","0.10031282168999997","0.13472664","0","42.0","16.43","0.12079953898","0.1788676","0"
"43.0","13.07","0.09899172873999999","0.1342394","0","43.0","16.64","0.11904325790999996","0.17914149999999998","0"
"44.0","13.02","0.09803448554000002","0.1280806","0","44.0","16.82","0.11798489008999999","0.18134418","0"
"45.0","13.15","0.09723503765000001","0.1280806","0","45.0","17.0","0.11598419705999996","0.17385035999999998","0"
"46.0","13.31","0.09571131098000002","0.12790558","0","46.0","17.1","0.11467127117999999","0.18129636","0"
"47.0","13.47","0.09494809352999999","0.12688221","0","47.0","17.29","0.11382748912000004","0.16976409","0"
"48.0","13.69","0.09378669171999997","0.13075626","0","48.0","17.56","0.11254830344000002","0.174578","0"
"49.0","13.64","0.09335693652999998","0.13123359","0","49.0","17.71","0.11128869441299998","0.174578","0"
"50.0","13.81","0.09239209465999998","0.13123359","0","50.0","17.81","0.11004765837999997","0.17408428","0"
"51.0","14.13","0.09167777366999996","0.13075626","0","51.0","17.99","0.10930891813399997","0.17186224","0"
"52.0","14.2","0.09047753820999999","0.132937","0","52.0","18.29","0.10878298315999993","0.174578","0"
"53.0","14.34","0.08932114878","0.13370304","0","53.0","18.25","0.10772481046999997","0.17466904","0"
"54.0","14.62","0.08918517871","0.13352561","0","54.0","18.48","0.10685660080300002","0.16764411","0"
"55.0","14.68","0.08811491288000002","0.13370304","0","55.0","18.81","0.106064249333","0.16703297","0"
"56.0","14.97","0.08705203994499999","0.13075626","0","56.0","18.72","0.10424874535299997","0.16703297","0"
"57.0","15.07","0.086610398915","0.12894492","0","57.0","18.97","0.10299988125000001","0.16703297","0"
"58.0","15.2","0.08555059452500004","0.1283147","0","58.0","19.03","0.10228601222700004","0.16501917","0"
"59.0","15.5","0.08555337917","0.12790558","0","59.0","19.23","0.10149139921000001","0.16404990000000003","0"
"60.0","15.7","0.08495339590000002","0.12576488","0","60.0","19.21","0.09982242211999999","0.15994321","0"
"61.0","15.92","0.08421807063000002","0.12475955","0","61.0","19.61","0.10022100813000001","0.15826096","0"
"62.0","16.06","0.08317984956","0.12101606000000001","0","62.0","19.44","0.09996917119000004","0.16153191","0"
"63.0","16.26","0.08297733729000005","0.12101606000000001","0","63.0","19.51","0.09909538183000001","0.16153191","0"
"64.0","16.38","0.08227619892999999","0.119884394","0","64.0","19.65","0.09817334028","0.16167234","0"
"65.0","16.47","0.08207048943999999","0.120689094","0","65.0","19.72","0.09757064281999998","0.16167234","0"
"66.0","16.68","0.08150958891000001","0.12101606000000001","0","66.0","19.82","0.096981783796","0.15953042","0"
"67.0","16.75","0.08086643222499999","0.11937543","0","67.0","20.01","0.09620069780999996","0.15953042","0"
"68.0","16.89","0.08054977717500002","0.119091","0","68.0","19.95","0.09545704017699999","0.16167589","0"
"69.0","17.16","0.079510138145","0.12652469","0","69.0","20.14","0.09490946632999998","0.16167589","0"
"70.0","17.02","0.07893770906499997","0.12531637","0","70.0","20.2","0.09365831756699997","0.16703297","0"
"71.0","17.32","0.07854576059999996","0.12512855","0","71.0","20.33","0.09324666775999998","0.16703297","0"
"72.0","17.37","0.07796132624999999","0.12550312","0","72.0","20.46","0.09343454037999997","0.16842918","0"
"73.0","17.33","0.07729911739999999","0.12604555","0","73.0","20.63","0.09254425016999997","0.16842918","0"
"74.0","17.4","0.07666887295999995","0.12790558","0","74.0","20.57","0.09205898035","0.16703297","0"
"75.0","17.62","0.07635667664499998","0.1281744","0","75.0","20.69","0.09153327013699997","0.16426077","0"
"76.0","17.81","0.07597788064000001","0.1279369","0","76.0","20.73","0.09114344879999998","0.16281968","0"
"77.0","17.71","0.07562797784000001","0.1279369","0","77.0","20.78","0.091084619777","0.16281968","0"
"78.0","18.02","0.07533684424999999","0.1281744","0","78.0","20.87","0.09059007717","0.16580671","0"
"79.0","18.1","0.07496370365","0.12790558","0","79.0","20.99","0.08943323412999998","0.16426077","0"
"80.0","18.06","0.07453577469","0.12790558","0","80.0","21.06","0.08839474262000001","0.16173868","0"
"81.0","18.16","0.07398943418","0.12790558","0","81.0","21.18","0.08817729498600002","0.16703297","0"
"82.0","18.19","0.07393684087","0.12790558","0","82.0","21.27","0.08769873962999998","0.16859731","0"
"83.0","18.13","0.07354482383999997","0.12790558","0","83.0","21.24","0.08747251366","0.16859731","0"
"84.0","18.3","0.07328043477","0.12584502","0","84.0","21.58","0.08696390670700001","0.16426077","0"
"85.0","18.19","0.07297722439999997","0.123706624","0","85.0","21.34","0.08611599804700003","0.16426077","0"
"86.0","18.59","0.07284454936999997","0.12846787","0","86.0","21.75","0.08574047794699996","0.16703297","0"
"87.0","18.44","0.07236994237999998","0.12790558","0","87.0","21.6","0.08553548256699997","0.16811818000000003","0"
"88.0","18.69","0.07212771855999998","0.12714237","0","88.0","21.83","0.08487375710399997","0.16260326","0"
"89.0","18.76","0.071680458","0.12693878","0","89.0","21.67","0.08424616514599997","0.1571158","0"
"90.0","18.94","0.07141671779000001","0.12693878","0","90.0","21.81","0.08381900404699999","0.15798502","0"
"91.0","18.85","0.07130885232","0.12892956","0","91.0","21.93","0.08331677113700002","0.15798502","0"
"92.0","18.96","0.07107744782000001","0.12892956","0","92.0","22.13","0.08299389241999998","0.15798502","0"
"93.0","19.0","0.07087922712000001","0.13066094","0","93.0","22.17","0.08286259215199998","0.15798502","0"
"94.0","19.01","0.07071610104000002","0.13066094","0","94.0","22.2","0.08239849419199999","0.15798502","0"
"95.0","19.14","0.07055754625","0.1273073","0","95.0","22.24","0.08190663954799998","0.1571158","0"
"96.0","19.3","0.07004423286000003","0.1273073","0","96.0","22.28","0.08124545603199998","0.16416283","0"
"97.0","19.31","0.06979371518000003","0.12591392","0","97.0","22.5","0.08059854722199997","0.16689642","0"
"98.0","19.55","0.06972102750999999","0.12591392","0","98.0","22.33","0.08033140924999999","0.16782463","0"
"99.0","19.4","0.06960691008","0.12591392","0","99.0","22.47","0.07969896573299998","0.16850963","0"
"100.0","19.49","0.06922480653999999","0.12406257","0","100.0","22.58","0.07987049132999999","0.16809027","0"
"101.0","19.86","0.06909819572000003","0.12479457","0","101.0","22.62","0.07954410192000001","0.16850963","0"
"102.0","19.59","0.06893053062","0.12479457","0","102.0","22.66","0.079361627008","0.16809027","0"
"103.0","19.63","0.06896795542000002","0.12591392","0","103.0","22.85","0.07915050362400002","0.16809027","0"
"104.0","19.64","0.06858712047000001","0.12591392","0","104.0","22.7","0.07872353278399999","0.16831012","0"
"105.0","19.89","0.06865473108","0.12794122","0","105.0","22.82","0.07845757206400003","0.16831012","0"
"106.0","19.85","0.06854933761000001","0.12790558","0","106.0","23.01","0.078195420869","0.16489328","0"
"107.0","19.82","0.068274538255","0.12790558","0","107.0","22.97","0.07794725600399996","0.16489328","0"
"108.0","19.92","0.06809443049499998","0.12790558","0","108.0","22.91","0.07773582992899997","0.16609389","0"
"109.0","19.96","0.06796096536499999","0.12790558","0","109.0","23.0","0.07607643598299996","0.16304405","0"
"110.0","20.06","0.06764862404","0.12790558","0","110.0","23.09","0.07576540517999997","0.16304405","0"
"111.0","20.11","0.06763459401","0.12790558","0","111.0","23.14","0.07578865611999995","0.16304405","0"
"112.0","20.15","0.06748029068999999","0.12790558","0","112.0","23.24","0.07538878364199998","0.16304405","0"
"113.0","20.23","0.06742772438","0.12798092","0","113.0","23.2","0.075205343917","0.16354409","0"
"114.0","20.27","0.06717022289","0.12803148","0","114.0","23.32","0.076041270247","0.16014501","0"
"115.0","20.23","0.06712325519000002","0.12803148","0","115.0","23.36","0.07603371971699997","0.16014501","0"
"116.0","20.26","0.06699591045500002","0.1306267","0","116.0","23.31","0.075687345898","0.16014501","0"
"117.0","20.53","0.06689890038000003","0.12941574","0","117.0","23.39","0.07497123389999996","0.16014501","0"
"118.0","20.56","0.06675969049000002","0.12941574","0","118.0","23.45","0.07483482252599999","0.16831012","0"
"119.0","20.5","0.06638003590500002","0.12798092","0","119.0","23.31","0.07496986312","0.16681176","0"
"120.0","20.38","0.06657638593500001","0.12798092","0","120.0","23.54","0.074852410877","0.16681176","0"
"121.0","20.4","0.06650744811499999","0.12798092","0","121.0","23.5","0.074552529877","0.16681176","0"
"122.0","20.42","0.06646357942","0.12798092","0","122.0","23.35","0.07441796297199998","0.16681176","0"
"123.0","20.56","0.06639860373999999","0.12803148","0","123.0","23.57","0.07440573624699998","0.16681176","0"
"124.0","20.68","0.06636220855999998","0.12803148","0","124.0","24.22","0.07414461952699998","0.16134441","0"
"125.0","20.73","0.06625962915499999","0.12476304","0","125.0","23.63","0.07381223196700001","0.16014501","0"
"126.0","20.69","0.06619543931","0.12476304","0","126.0","23.57","0.073920880737","0.16082659999999996","0"
"127.0","20.84","0.066004508325","0.12476304","0","127.0","23.62","0.07369924012000001","0.16014501","0"
"128.0","20.92","0.06589178098","0.12476304","0","128.0","23.82","0.073453154366","0.16014501","0"
"129.0","21.02","0.06569810433999998","0.12476304","0","129.0","23.82","0.07325934701100002","0.16082659999999996","0"
"130.0","21.14","0.06561942286499999","0.12790558","0","130.0","23.81","0.072920871033","0.16081065","0"
"131.0","21.14","0.06550602138999999","0.12798092","0","131.0","23.89","0.07266313684799999","0.15673596","0"
"132.0","21.05","0.065378225685","0.12798092","0","132.0","23.95","0.07266001939799999","0.15672931","0"
"133.0","21.26","0.06525372171999999","0.12798092","0","133.0","23.88","0.07278968068799997","0.15672931","0"
"134.0","21.34","0.065192845885","0.12790558","0","134.0","24.14","0.072639157226","0.15673596","0"
"135.0","21.26","0.06500344733500002","0.12790558","0","135.0","24.19","0.07235830232600002","0.15673596","0"
"136.0","21.98","0.06494083375999998","0.12790558","0","136.0","24.32","0.072105106198","0.15673596","0"
"137.0","21.35","0.06477488962499998","0.12436731","0","137.0","24.36","0.072112409913","0.15673596","0"
"138.0","21.28","0.06475526909","0.12436731","0","138.0","24.34","0.07197874328000001","0.16010435","0"
"139.0","21.38","0.064557092265","0.12436731","0","139.0","24.33","0.07191879112499999","0.16010435","0"
"140.0","21.36","0.064563122335","0.12436731","0","140.0","24.52","0.07175076115600001","0.16014501","0"
"141.0","21.43","0.06458000881","0.12436731","0","141.0","24.37","0.07148139390999998","0.16014501","0"
"142.0","21.33","0.06444905341","0.12790558","0","142.0","24.32","0.07146397016199997","0.16014501","0"
"143.0","21.59","0.06436447263499999","0.12790558","0","143.0","24.5","0.07151986939199997","0.16010435","0"
"144.0","21.27","0.06419656731","0.12803866","0","144.0","24.56","0.070974351448","0.1602655","0"
"145.0","21.56","0.06417828927999998","0.12803866","0","145.0","24.36","0.070825920518","0.16014501","0"
"146.0","21.37","0.06400781415999998","0.12803866","0","146.0","24.61","0.07070323594300001","0.16014501","0"
"147.0","21.55","0.06401745866500001","0.12790558","0","147.0","24.75","0.070725340759","0.16014501","0"
"148.0","21.48","0.06391262873","0.12790558","0","148.0","24.61","0.070147504364","0.16014501","0"
"149.0","21.74","0.06387028832000001","0.12682651","0","149.0","24.57","0.07027474279399999","0.15918717","0"
"150.0","21.71","0.06382581404999998","0.12682651","0","150.0","24.83","0.070488171618","0.15918717","0"
"151.0","21.68","0.06373824211500001","0.12790558","0","151.0","24.64","0.07039267364200001","0.15918717","0"
"152.0","21.81","0.06360881507000003","0.12720722","0","152.0","24.72","0.07024866989","0.15992765","0"
"153.0","21.84","0.06355760107","0.12720722","0","153.0","24.66","0.070140723405","0.15992765","0"
"154.0","21.74","0.06343772304000002","0.12790558","0","154.0","24.8","0.07009582415799999","0.15992765","0"
"155.0","21.7","0.06339028593","0.12790558","0","155.0","24.84","0.070000977213","0.16014501","0"
"156.0","21.92","0.06327357897","0.12790558","0","156.0","24.85","0.06997927394499999","0.16014501","0"
"157.0","22.02","0.06319499023999998","0.12757947","0","157.0","24.79","0.069839377933","0.15992765","0"
"158.0","21.96","0.06261143646999999","0.12682651","0","158.0","24.96","0.06964950493","0.15992765","0"
"159.0","22.15","0.06269535347000003","0.12757947","0","159.0","24.89","0.06941224767999998","0.15992765","0"
"160.0","22.11","0.06290532369000001","0.12781304","0","160.0","24.82","0.06959067456799999","0.15886825","0"
"161.0","21.98","0.06280536272","0.12757947","0","161.0","24.91","0.06938985742799998","0.15918717","0"
"162.0","22.3","0.06276791798999999","0.12757947","0","162.0","24.99","0.069138207974","0.15918717","0"
"163.0","22.2","0.06272045917000003","0.12757947","0","163.0","25.03","0.06910020334","0.15886825","0"
"164.0","22.17","0.06262651908500003","0.12719728","0","164.0","24.98","0.06933742093799998","0.15918717","0"
"165.0","22.26","0.06262597239","0.12719728","0","165.0","24.91","0.06928246715799999","0.15918717","0"
"166.0","22.22","0.06255684954000001","0.12719728","0","166.0","25.11","0.06926338982800001","0.15918717","0"
"167.0","22.26","0.06243979720999999","0.12781304","0","167.0","25.12","0.06911602559099998","0.15798925","0"
"168.0","22.49","0.062323472195","0.12781304","0","168.0","24.97","0.068988332366","0.15791722","0"
"169.0","22.55","0.06226895338000001","0.12845343","0","169.0","25.07","0.068642528882","0.15774995","0"
"170.0","22.46","0.062061186680000005","0.1288091","0","170.0","25.02","0.06837733327300001","0.15774995","0"
"171.0","22.51","0.06184464007499999","0.12845343","0","171.0","25.13","0.06845832228","0.15774995","0"
"172.0","22.72","0.06187505711","0.12845343","0","172.0","25.29","0.068229999305","0.15774995","0"
"173.0","22.46","0.061780862965","0.12781304","0","173.0","25.19","0.06825382664799998","0.15774995","0"
"174.0","22.54","0.06174813507999999","0.12845343","0","174.0","25.07","0.06802186151799999","0.15774995","0"
"175.0","23.01","0.06165395171","0.12845343","0","175.0","25.33","0.067988878408","0.15791722","0"
"176.0","22.79","0.06152515786999998","0.12781304","0","176.0","25.66","0.068043642159","0.15774995","0"
"177.0","22.67","0.061413616100000006","0.12781304","0","177.0","25.37","0.06820287756900001","0.15791722","0"
"178.0","22.81","0.06133988776999998","0.12845343","0","178.0","25.21","0.06823417802400002","0.15791722","0"
"179.0","22.84","0.06127327543499997","0.12847139","0","179.0","25.26","0.06782728326500001","0.15791722","0"
"180.0","22.91","0.061178329459999986","0.12794441","0","180.0","25.25","0.06792156027","0.15925168","0"
"181.0","22.91","0.061171594725","0.12794441","0","181.0","25.29","0.06791581423700001","0.15795179","0"
"182.0","23.01","0.06119564764","0.12794441","0","182.0","25.15","0.06790895192000002","0.15795179","0"
"183.0","22.99","0.06131902244","0.12794441","0","183.0","25.32","0.067895409535","0.15795179","0"
"184.0","23.14","0.06119438854000001","0.12794441","0","184.0","25.38","0.067704834467","0.15795179","0"
"185.0","22.91","0.06111019178000002","0.12393170599999999","0","185.0","25.51","0.06753189933600001","0.15774995","0"
"186.0","23.24","0.06113361612500003","0.12393170599999999","0","186.0","25.51","0.06745817445800001","0.15774995","0"
"187.0","23.13","0.06100319153000001","0.12393170599999999","0","187.0","25.48","0.067371477547","0.15774995","0"
"188.0","23.12","0.06094898819","0.12403294","0","188.0","25.53","0.067448933544","0.15795179","0"
"189.0","23.17","0.060747124779999995","0.12403294","0","189.0","25.5","0.067339729319","0.15795179","0"
"190.0","23.21","0.06070755870999999","0.12403294","0","190.0","25.46","0.06745464006499999","0.15774995","0"
"191.0","23.11","0.06073090349100001","0.12403294","0","191.0","25.63","0.06734763899799998","0.15911168","0"
"192.0","23.11","0.060681594625000015","0.12403294","0","192.0","25.48","0.06741976406299996","0.15911168","0"
"193.0","23.37","0.06064683882500001","0.12403294","0","193.0","25.58","0.06731821334199997","0.15911168","0"
"194.0","23.34","0.06061911087499999","0.1275422","0","194.0","25.61","0.06716454170199994","0.15911168","0"
"195.0","23.16","0.06058869259","0.12403294","0","195.0","25.48","0.06702295002699996","0.15911168","0"
"196.0","23.32","0.060478668513","0.12491014","0","196.0","25.75","0.06701830458999997","0.15911168","0"
"197.0","23.26","0.060478429262999976","0.12455823","0","197.0","25.72","0.067128702325","0.15911168","0"
"198.0","23.38","0.060475072639999974","0.12455823","0","198.0","25.71","0.067167194076","0.15911168","0"
"199.0","23.52","0.06030885872999999","0.12455823","0","199.0","25.8","0.066989189236","0.15911168","0"
"200.0","23.31","0.060397898595000006","0.1258083","0","200.0","25.73","0.066972407616","0.15911168","0"
"201.0","23.45","0.06031319642500001","0.12452785999999999","0","201.0","25.82","0.066914161824","0.15911168","0"
"202.0","23.3","0.060053042875000004","0.1258083","0","202.0","25.89","0.066805920988","0.15911168","0"
"203.0","23.56","0.06001730202300001","0.1258083","0","203.0","25.94","0.06681313871500001","0.15774995","0"
"204.0","23.46","0.05999413657299999","0.12452785999999999","0","204.0","25.85","0.06662656005999999","0.15774995","0"
"205.0","23.6","0.059910999098000024","0.12452785999999999","0","205.0","25.8","0.06642153166499998","0.15774995","0"
"206.0","23.62","0.059895102396000016","0.12452785999999999","0","206.0","25.78","0.06650035227699999","0.15774995","0"
"207.0","24.02","0.059861266578000026","0.12452785999999999","0","207.0","25.71","0.066347070833","0.15774995","0"
"208.0","23.73","0.05982673129800001","0.12452785999999999","0","208.0","25.82","0.06665072008499999","0.15774995","0"
"209.0","23.62","0.05976843567300004","0.12533833","0","209.0","25.84","0.06660953415499998","0.16027527","0"
"210.0","23.54","0.05974984222099999","0.12533833","0","210.0","25.76","0.06661553554","0.15774995","0"
"211.0","23.59","0.05969403736999998","0.12533833","0","211.0","26.07","0.06624448831399998","0.15761462","0"
"212.0","23.73","0.05966964220999998","0.12533833","0","212.0","25.99","0.06637052856399998","0.15712242","0"
"213.0","23.65","0.059601280569999984","0.12452785999999999","0","213.0","26.12","0.06612303577099998","0.15673596","0"
"214.0","23.67","0.059562335609999996","0.12452785999999999","0","214.0","26.03","0.06586141651699999","0.15673596","0"
"215.0","23.59","0.05938215272599998","0.12452785999999999","0","215.0","26.01","0.065427926003","0.15577056","0"
"216.0","23.78","0.05934122456399999","0.1259659","0","216.0","26.11","0.065090567505","0.15534161","0"
"217.0","23.7","0.05925310165399999","0.1259659","0","217.0","26.15","0.06513546834","0.15534161","0"
"218.0","23.7","0.059187617777","0.1259659","0","218.0","26.22","0.06493955616","0.15250115","0"
"219.0","23.91","0.059168132394000005","0.1259659","0","219.0","26.35","0.06474376875000001","0.15250115","0"
"220.0","23.81","0.05913933279999999","0.1259659","0","220.0","26.27","0.064761371143","0.15250115","0"
"221.0","23.95","0.058889127762000004","0.12452785999999999","0","221.0","26.27","0.064833880208","0.15250115","0"
"222.0","23.85","0.05882487035599998","0.12452785999999999","0","222.0","26.17","0.06484261607200001","0.15250115","0"
"223.0","23.91","0.058800679542999994","0.12452785999999999","0","223.0","26.18","0.06473760719099998","0.15250115","0"
"224.0","23.94","0.058708958662999994","0.12452785999999999","0","224.0","26.52","0.06460420741199999","0.15250115","0"
"225.0","23.86","0.05869679919099999","0.12452785999999999","0","225.0","26.48","0.064535083528","0.15337005","0"
"226.0","24.14","0.058671477112999984","0.12452785999999999","0","226.0","26.29","0.06462186445799997","0.15484086","0"
"227.0","24.0","0.05864090394799998","0.12452785999999999","0","227.0","26.39","0.064689830969","0.15484086","0"
"228.0","24.02","0.05867771200299999","0.12452785999999999","0","228.0","26.33","0.06432611604899999","0.15484086","0"
"229.0","23.93","0.058479585423","0.12452785999999999","0","229.0","26.18","0.06444442312400002","0.15484086","0"
"230.0","23.94","0.058432797433","0.12452785999999999","0","230.0","26.32","0.06454496361900001","0.15484086","0"
"231.0","23.93","0.058414512158","0.12452785999999999","0","231.0","26.42","0.06418426150900003","0.15484086","0"
"232.0","23.88","0.05838163972300002","0.12452785999999999","0","232.0","26.23","0.06444770088200003","0.155118","0"
"233.0","23.98","0.058335133583","0.12452785999999999","0","233.0","26.57","0.06442703457500004","0.15521547","0"
"234.0","24.07","0.058228086572000015","0.12452785999999999","0","234.0","26.53","0.06397470591800003","0.15521547","0"
"235.0","24.15","0.05814637661100001","0.12452785999999999","0","235.0","26.49","0.06425390615800004","0.15521547","0"
"236.0","24.11","0.05810011163199999","0.12750556","0","236.0","26.34","0.06399117214800004","0.15521547","0"
"237.0","24.17","0.058078924278999994","0.12750556","0","237.0","26.5","0.06387697029300003","0.15673596","0"
"238.0","24.14","0.058037485535999994","0.1256164","0","238.0","26.74","0.06369160008800002","0.15673596","0"
"239.0","24.04","0.05799813112999999","0.12876683","0","239.0","26.62","0.06385716970500002","0.15673596","0"
"240.0","24.2","0.057915021159999996","0.12876683","0","240.0","26.66","0.06377101463000004","0.15673596","0"
"241.0","24.06","0.05788759447","0.1256164","0","241.0","26.58","0.063871142825","0.15673596","0"
"242.0","24.23","0.057882458690000006","0.12876683","0","242.0","26.74","0.06361262736199999","0.15673596","0"
"243.0","24.21","0.05791535815","0.12876683","0","243.0","26.65","0.06369541409000001","0.15673596","0"
"244.0","24.23","0.05787738048","0.12876683","0","244.0","26.81","0.06357018243000002","0.15673596","0"
"245.0","24.19","0.057797024829999995","0.12876683","0","245.0","26.96","0.06357781613300002","0.15250115","0"
"246.0","24.28","0.05775847803000003","0.12876683","0","246.0","26.82","0.06324098503200004","0.15250115","0"
"247.0","24.06","0.05769590135000005","0.12876683","0","247.0","26.8","0.06288416554200002","0.15231356","0"
"248.0","24.29","0.05764667925500002","0.12718266","0","248.0","26.86","0.062378228777000014","0.15250115","0"
"249.0","24.31","0.05764332266800002","0.12718266","0","249.0","26.83","0.062437857838999994","0.15244254","0"
"250.0","24.04","0.057627033728000016","0.12718266","0","250.0","27.1","0.062372419345","0.15250115","0"
"251.0","24.26","0.05765436454800002","0.12718266","0","251.0","26.87","0.062459391536999996","0.15370125","0"
"252.0","24.28","0.05761706871800004","0.12718266","0","252.0","26.93","0.06236428277900001","0.15370125","0"
"253.0","24.2","0.05756700118800001","0.12876683","0","253.0","26.96","0.06236643396999998","0.15370125","0"
"254.0","24.27","0.05757942366800001","0.12876683","0","254.0","27.18","0.06196511917899999","0.15370125","0"
"255.0","24.16","0.057601665872","0.12876683","0","255.0","27.09","0.06208693169800002","0.15370125","0"
"256.0","24.09","0.057435261174","0.12773433","0","256.0","27.09","0.062022150566999994","0.15370125","0"
"257.0","24.56","0.05691378047800002","0.12654336","0","257.0","27.19","0.062086197113","0.15370125","0"
"258.0","24.43","0.05738294419499998","0.12654336","0","258.0","27.25","0.06196177474","0.15370125","0"
"259.0","24.27","0.057376142990000004","0.12654336","0","259.0","27.35","0.06171635060699998","0.15370125","0"
"260.0","24.38","0.057338845073","0.12654336","0","260.0","27.35","0.061949255450999975","0.15316437","0"
"261.0","24.26","0.05730351039800001","0.12457281","0","261.0","27.24","0.061734042244","0.15673596","0"
"262.0","24.3","0.05728124741100001","0.12457281","0","262.0","27.63","0.061488399792000006","0.15250115","0"
"263.0","24.27","0.05722528243600002","0.12457281","0","263.0","27.46","0.061383499425000015","0.15250115","0"
"264.0","24.45","0.05723440013700003","0.12457281","0","264.0","27.16","0.061700434611000006","0.15250115","0"
"265.0","24.35","0.05722461735400004","0.12457281","0","265.0","27.34","0.061769271676000034","0.15250115","0"
"266.0","24.48","0.05718775600700001","0.12457281","0","266.0","27.26","0.06176651391600003","0.15250115","0"
"267.0","24.31","0.05711973660599999","0.12457281","0","267.0","27.34","0.06144687759600001","0.15250115","0"
"268.0","24.27","0.057070472124","0.12457281","0","268.0","27.46","0.06170530227100001","0.15250115","0"
"269.0","24.26","0.05702159021500001","0.12457281","0","269.0","27.44","0.061743268191000025","0.15250115","0"
"270.0","24.17","0.05690297394500002","0.12457281","0","270.0","27.8","0.06145445674000001","0.15250115","0"
"271.0","24.32","0.056941338635000005","0.12457281","0","271.0","27.35","0.06135283657000001","0.15250115","0"
"272.0","24.33","0.05690857310500001","0.12457281","0","272.0","27.46","0.061543198295999996","0.15673596","0"
"273.0","24.2","0.05691964236500002","0.12457281","0","273.0","27.51","0.06121347426100001","0.15673596","0"
"274.0","24.36","0.056839368859999996","0.12457281","0","274.0","27.57","0.06103830863500002","0.15673596","0"
"275.0","24.3","0.05680525794000003","0.12457281","0","275.0","27.57","0.061183915444000016","0.15673596","0"
"276.0","24.36","0.05680076756000003","0.12495718","0","276.0","27.51","0.06106056530300001","0.15712242","0"
"277.0","24.33","0.05662533321100001","0.12495718","0","277.0","27.54","0.06124984013800003","0.15712242","0"
"278.0","24.27","0.056599529800000006","0.12495718","0","278.0","27.48","0.06104326050600001","0.15673596","0"
"279.0","24.36","0.05656592938100001","0.12495718","0","279.0","27.52","0.06114474928","0.15673596","0"
"280.0","24.65","0.05658905926500002","0.12495718","0","280.0","27.59","0.060905164910000004","0.15613817","0"
"281.0","24.42","0.056460957182000004","0.12495718","0","281.0","27.51","0.06076425857700002","0.15613817","0"
"282.0","24.75","0.05642382566300002","0.12608738","0","282.0","27.58","0.06085266701700002","0.15613817","0"
"283.0","24.54","0.05648338988100001","0.12608738","0","283.0","27.68","0.06096157319300002","0.15613817","0"
"284.0","24.52","0.056467370216000005","0.12495718","0","284.0","27.45","0.06084514171100002","0.15673596","0"
"285.0","24.72","0.056397673184000005","0.12495718","0","285.0","27.61","0.060910546517000015","0.15673596","0"
"286.0","24.59","0.056174067199000005","0.12495718","0","286.0","27.55","0.060893128097000024","0.15673596","0"
"287.0","24.58","0.056148297826999996","0.12464614000000002","0","287.0","27.74","0.06065089612500001","0.15673596","0"
"288.0","24.45","0.05605089476699998","0.12464614000000002","0","288.0","27.64","0.060586827295000006","0.15673596","0"
"289.0","24.83","0.056032568846000004","0.12464614000000002","0","289.0","27.75","0.060700362511000014","0.15673596","0"
"290.0","24.73","0.05585300178300002","0.12495718","0","290.0","27.47","0.060295788607000016","0.15673596","0"
"291.0","24.63","0.055838240693","0.12495718","0","291.0","27.62","0.06050466968100002","0.15673596","0"
"292.0","24.56","0.05585509053800001","0.12495718","0","292.0","27.64","0.060294456666000015","0.15673596","0"
"293.0","24.71","0.05580531588899999","0.12495718","0","293.0","27.62","0.06014780489200002","0.15599287","0"
"294.0","24.7","0.05570709660300002","0.12495718","0","294.0","27.88","0.05998839666900002","0.15613817","0"
"295.0","24.89","0.05567321078300002","0.12495718","0","295.0","27.85","0.05998740451900003","0.15673596","0"
"296.0","24.79","0.05577164142300001","0.12495718","0","296.0","27.83","0.06017134961100003","0.15673596","0"
"297.0","24.72","0.05565328066400002","0.12495718","0","297.0","27.81","0.05992800468400002","0.15712242","0"
"298.0","24.74","0.05560479611400002","0.12495718","0","298.0","27.84","0.059879183276999995","0.15712242","0"
"299.0","24.87","0.055587487273999994","0.12495718","0","299.0","27.92","0.05989798057199999","0.15761462","0"
