"0.0","2.16","0.14022859389999998","0.22852664","0","0.0","5.85","0.1736554131899999","0.20980886","0"
"1.0","1.89","0.12304238254999995","0.19270567999999996","0","1.0","5.49","0.14831762844","0.167051","0"
"2.0","1.84","0.10782608373999994","0.1607724","0","2.0","5.51","0.13508706013000002","0.15130235","0"
"3.0","1.99","0.10597411833","0.15724917","0","3.0","5.61","0.12138935896999994","0.14558399","0"
"4.0","2.28","0.09652691226999996","0.15102904","0","4.0","5.91","0.11421163693","0.1409281","0"
"5.0","2.81","0.09246880675999998","0.14413895","0","5.0","6.24","0.10464072079999999","0.13074379","0"
"6.0","3.44","0.08195889170999998","0.1315615","0","6.0","6.64","0.09627478414999999","0.12700325","0"
"7.0","4.19","0.07760449752000004","0.12662162","0","7.0","7.07","0.08820461488999999","0.12140164","0"
"8.0","4.89","0.07224441133","0.12562406","0","8.0","7.53","0.08375499291","0.1170725","0"
"9.0","5.57","0.06864996391000001","0.12000135","0","9.0","8.11","0.08090490510000001","0.10790329","0"
"10.0","6.11","0.06564920549999999","0.11789396999999999","0","10.0","8.43","0.07425726687000003","0.1033851","0"
"11.0","6.78","0.06291724908999996","0.110365085","0","11.0","8.83","0.06872298954999997","0.09961503","0"
"12.0","7.21","0.060650989550000006","0.109375","0","12.0","9.31","0.06689399173999999","0.09700229","0"
"13.0","7.67","0.057306037870000014","0.10930586","0","13.0","9.55","0.06089586395000001","0.091131076","0"
"14.0","8.07","0.05539624530499997","0.10736923","0","14.0","9.85","0.05734451025000003","0.08873337","0"
"15.0","8.28","0.05230828910999999","0.10577571","0","15.0","10.19","0.05440966204999998","0.08449021","0"
"16.0","8.56","0.05036230701","0.10387173","0","16.0","10.33","0.052801500480000006","0.081125386","0"
"17.0","8.82","0.04884542738","0.10144942","0","17.0","10.52","0.05005208420999998","0.07762435","0"
"18.0","9.14","0.04691119532","0.10134934","0","18.0","10.73","0.04783150181999999","0.07656798","0"
"19.0","9.39","0.04519620796999999","0.09941309999999999","0","19.0","10.98","0.04630177357999998","0.075327836","0"
"20.0","9.58","0.04502713793999999","0.09836407","0","20.0","11.37","0.04456869256300001","0.0753337","0"
"21.0","9.91","0.04416223117000001","0.097393185","0","21.0","11.6","0.04268524696499999","0.075386174","0"
"22.0","10.14","0.04265108141500001","0.09836407","0","22.0","11.86","0.04172399979199999","0.070107","0"
"23.0","10.26","0.04189089637000001","0.09827749","0","23.0","12.17","0.040852296022","0.0708604","0"
"24.0","10.52","0.04109295051999999","0.096335284","0","24.0","12.31","0.04003201311200002","0.073083654","0"
"25.0","10.83","0.04009311761000001","0.097063564","0","25.0","12.71","0.038660460651999996","0.071130805","0"
"26.0","10.95","0.03951955145","0.097063564","0","26.0","12.92","0.037892816812","0.07105854","0"
"27.0","11.13","0.038418968209999994","0.09764316","0","27.0","13.17","0.03697198259800001","0.07460413","0"
"28.0","11.31","0.03733053613999999","0.097063564","0","28.0","13.49","0.036063357028999994","0.067273274","0"
"29.0","11.58","0.036896089434999994","0.09341557","0","29.0","13.7","0.035615117893","0.063383125","0"
"30.0","11.82","0.036374883183","0.09450682","0","30.0","13.91","0.03490856700399999","0.06325455","0"
"31.0","11.9","0.03602608796399999","0.09341557","0","31.0","14.2","0.034630381529000005","0.063383125","0"
"32.0","12.02","0.035752264153999985","0.09466213","0","32.0","14.32","0.03400239079100001","0.063416116","0"
"33.0","12.08","0.03521399071199999","0.09419469","0","33.0","14.32","0.033444437508","0.06325862","0"
"34.0","12.41","0.035029505908999975","0.09402205000000001","0","34.0","14.61","0.03266806395400001","0.062644266","0"
"35.0","12.63","0.034664146399000006","0.0927539","0","35.0","14.66","0.03221711660600001","0.06251448","0"
"36.0","12.74","0.03405176789700001","0.09349066","0","36.0","14.79","0.03199688008300001","0.06305474","0"
"37.0","12.93","0.033861540535000005","0.09268857999999999","0","37.0","14.94","0.031770388494000004","0.062644266","0"
"38.0","13.06","0.03364566751","0.09339152","0","38.0","15.2","0.03155769821199999","0.06265579","0"
"39.0","13.18","0.033378206568","0.0932564","0","39.0","15.22","0.031107638955","0.061663587","0"
"40.0","13.28","0.03294381253200001","0.09310334","0","40.0","15.45","0.03065867430500001","0.061197728","0"
"41.0","13.64","0.032881836216000014","0.09267637","0","41.0","15.48","0.030565191519000008","0.062485676","0"
"42.0","13.87","0.03249721238","0.091898665","0","42.0","15.54","0.030206989161999993","0.061569043","0"
"43.0","13.86","0.03219535218600001","0.09200088","0","43.0","15.87","0.02986444989199999","0.06265579","0"
"44.0","14.12","0.031875817802","0.09267637","0","44.0","15.87","0.029757198095999984","0.06370601","0"
"45.0","14.42","0.031642758877","0.09268857999999999","0","45.0","16.03","0.029566856252999974","0.06275937","0"
"46.0","14.59","0.031373548253000004","0.09211572","0","46.0","16.01","0.029303362683000003","0.06265579","0"
"47.0","14.75","0.03134765018800001","0.09217388","0","47.0","16.2","0.02886592935099999","0.058951627","0"
"48.0","14.9","0.03109039852800001","0.09310334","0","48.0","16.2","0.0286906982406","0.058666047","0"
"49.0","15.02","0.030852112210000015","0.09268857999999999","0","49.0","16.14","0.02856318069599998","0.05903622","0"
"50.0","15.17","0.030677742547000012","0.09271911","0","50.0","16.37","0.028349869804999983","0.059052654","0"
"51.0","15.48","0.030557299590000007","0.09310334","0","51.0","16.59","0.028146092375999993","0.061307725","0"
"52.0","15.39","0.03036855767900001","0.09268857999999999","0","52.0","16.56","0.02788180209699999","0.061307725","0"
"53.0","15.59","0.030295281619000004","0.09304031","0","53.0","16.67","0.027740609387999996","0.061142143","0"
"54.0","15.63","0.030002734692","0.09304031","0","54.0","16.8","0.027491485962999995","0.060078665999999996","0"
"55.0","15.82","0.02986575172700001","0.09304031","0","55.0","17.03","0.027163191189999995","0.060078665999999996","0"
"56.0","16.05","0.029821451431000002","0.09304031","0","56.0","17.15","0.026904362647000003","0.061142143","0"
"57.0","15.99","0.029688060593000016","0.09303892","0","57.0","17.09","0.026762536392000005","0.06051627","0"
"58.0","16.07","0.029625219725","0.09268857999999999","0","58.0","17.44","0.026757183223000004","0.06051627","0"
"59.0","16.1","0.029550542898","0.09063766","0","59.0","17.28","0.026619966633","0.06015472","0"
"60.0","16.33","0.029508941234000007","0.09224931","0","60.0","17.54","0.026571974890999998","0.06015472","0"
"61.0","16.36","0.029360761383000013","0.09088312","0","61.0","17.47","0.026241375784999986","0.06126929","0"
"62.0","16.37","0.029277708962999992","0.09088312","0","62.0","17.49","0.026108209174","0.060589544","0"
"63.0","16.43","0.029154948128999995","0.09303892","0","63.0","17.59","0.025889634785","0.060589544","0"
"64.0","16.47","0.029091230170000003","0.09268857999999999","0","64.0","17.87","0.025663188519999987","0.061569043","0"
"65.0","16.54","0.02895223129100001","0.09268857999999999","0","65.0","17.83","0.025600009477","0.06126929","0"
"66.0","16.61","0.028913232026","0.09303892","0","66.0","17.98","0.025681758397","0.061569043","0"
"67.0","16.73","0.028845589765999997","0.09303892","0","67.0","18.01","0.025529766394999997","0.06126929","0"
"68.0","16.63","0.028828238095000003","0.09303892","0","68.0","17.96","0.025493955000999997","0.061569043","0"
"69.0","16.82","0.028735853330999997","0.09268857999999999","0","69.0","18.16","0.025323776592000004","0.061569043","0"
"70.0","16.83","0.028668010171999988","0.09268857999999999","0","70.0","18.02","0.025373689243000003","0.062071975","0"
"71.0","16.98","0.02860894909899999","0.09269407000000002","0","71.0","18.09","0.02524048095800001","0.062071975","0"
"72.0","17.03","0.028467937614","0.09304252","0","72.0","18.38","0.025100841942","0.06196354","0"
"73.0","17.18","0.028411937013","0.09268857999999999","0","73.0","18.23","0.025014593451000006","0.060078665999999996","0"
"74.0","17.26","0.028417195163000005","0.09304252","0","74.0","18.33","0.024961594834","0.059052654","0"
"75.0","17.29","0.028381658400000006","0.09304252","0","75.0","18.51","0.024848678158","0.058793179999999994","0"
"76.0","17.27","0.028273716704000012","0.09304252","0","76.0","18.56","0.024692715651499986","0.058793179999999994","0"
"77.0","17.33","0.028230344862000004","0.09304252","0","77.0","18.56","0.024672954669","0.058793179999999994","0"
"78.0","17.58","0.028113466909000007","0.09391839","0","78.0","18.84","0.024536949356000006","0.058431786","0"
"79.0","17.48","0.027898042515000002","0.09304252","0","79.0","18.76","0.024486987211000004","0.05834099699999999","0"
"80.0","17.47","0.027874547193000008","0.0913681","0","80.0","18.99","0.024422434195000006","0.05834099699999999","0"
"81.0","17.98","0.027788731635999996","0.09152717","0","81.0","18.96","0.024352629658999998","0.058431786","0"
"82.0","17.59","0.027783871390000013","0.09152717","0","82.0","18.94","0.024226706260000005","0.058431786","0"
"83.0","17.85","0.027799845669000005","0.091971055","0","83.0","18.99","0.02421380727800001","0.058793179999999994","0"
"84.0","17.71","0.027692719542000015","0.091971055","0","84.0","18.93","0.02421795371600001","0.058793179999999994","0"
"85.0","17.83","0.027692285593999996","0.091971055","0","85.0","18.93","0.02409512736900001","0.058793179999999994","0"
"86.0","17.93","0.027618261244999994","0.091971055","0","86.0","18.98","0.02416279703","0.059052654","0"
"87.0","18.05","0.02754011585","0.09331052","0","87.0","18.97","0.024070257589000006","0.059052654","0"
"88.0","17.92","0.027498524041999997","0.09294365","0","88.0","18.94","0.024095008148500005","0.060078665999999996","0"
"89.0","17.99","0.027449447162","0.091971055","0","89.0","19.07","0.024055907262000003","0.059052654","0"
"90.0","18.16","0.027427646424999997","0.09183331599999998","0","90.0","19.07","0.023912416588","0.06172087","0"
"91.0","18.27","0.027397869408","0.09186988","0","91.0","19.12","0.023864734344000004","0.06172087","0"
"92.0","18.17","0.027294398201000006","0.09186988","0","92.0","19.15","0.023802171341999995","0.06172087","0"
"93.0","18.31","0.027260403273999985","0.091048405","0","93.0","19.12","0.02377223325740001","0.06172087","0"
"94.0","18.44","0.027296915340999987","0.091048405","0","94.0","19.34","0.023673119327400006","0.06172087","0"
"95.0","18.57","0.027238746475999984","0.091048405","0","95.0","19.36","0.023636878978400007","0.060078665999999996","0"
"96.0","18.72","0.027147037834999988","0.091048405","0","96.0","19.39","0.023586351129000004","0.06172087","0"
"97.0","18.62","0.027109999844000005","0.09183331599999998","0","97.0","19.37","0.02353891517900001","0.061908882","0"
"98.0","18.57","0.027053290077999993","0.09194515","0","98.0","19.41","0.02355735555300001","0.061908882","0"
"99.0","18.46","0.027014362553999985","0.09148923","0","99.0","19.36","0.023507790856","0.0613109","0"
"100.0","18.66","0.026998495076999997","0.09148923","0","100.0","19.41","0.023565203741500004","0.0613109","0"
"101.0","18.63","0.02698506606899999","0.09148923","0","101.0","19.4","0.023482183345499993","0.060078665999999996","0"
"102.0","18.88","0.027002949863999995","0.09148923","0","102.0","19.41","0.0233476634485","0.060078665999999996","0"
"103.0","18.82","0.026975132241500003","0.09148923","0","103.0","19.58","0.023371842252999996","0.060078665999999996","0"
"104.0","19.01","0.02691181892340001","0.091048405","0","104.0","19.31","0.023388616422","0.060385723","0"
"105.0","18.9","0.026873984473600013","0.09189456","0","105.0","19.7","0.023303394616999998","0.05908473","0"
"106.0","18.99","0.026806476574999998","0.09189456","0","106.0","19.64","0.023276095796","0.05908473","0"
"107.0","19.05","0.026784921868","0.09189456","0","107.0","19.73","0.023207775489999992","0.05908473","0"
"108.0","19.02","0.026773206788000003","0.09189456","0","108.0","19.73","0.02318099941299999","0.059052654","0"
"109.0","19.21","0.026749233265999997","0.09190182","0","109.0","19.61","0.023107036069","0.059713244000000006","0"
"110.0","19.08","0.026711390711000017","0.09190182","0","110.0","19.74","0.023042274055699995","0.05908473","0"
"111.0","19.2","0.026670289284000007","0.09133483","0","111.0","19.6","0.022940598364000007","0.059713244000000006","0"
"112.0","19.12","0.026635280719000023","0.09133483","0","112.0","19.55","0.022873923000000015","0.059713244000000006","0"
"113.0","19.27","0.02658560470000001","0.091048405","0","113.0","19.72","0.022854396965700005","0.060078665999999996","0"
"114.0","19.29","0.026591490889000008","0.091048405","0","114.0","19.77","0.02277859775970001","0.059618941999999994","0"
"115.0","19.19","0.026573020264000012","0.091048405","0","115.0","19.77","0.022680284341999996","0.059618941999999994","0"
"116.0","19.26","0.02654690082200002","0.091048405","0","116.0","19.73","0.022670496317","0.05908473","0"
"117.0","19.32","0.026519323756000003","0.091135755","0","117.0","19.89","0.022679860197000003","0.05908473","0"
"118.0","19.37","0.026493377276999998","0.091135755","0","118.0","19.85","0.022632038010000008","0.05908473","0"
"119.0","19.46","0.026454063145999993","0.091135755","0","119.0","19.97","0.022625537312000007","0.05908473","0"
"120.0","19.67","0.026447529861000005","0.091135755","0","120.0","20.06","0.022590777939800008","0.05908473","0"
"121.0","19.42","0.026423861388000004","0.091135755","0","121.0","19.92","0.022565704826000007","0.05908473","0"
"122.0","19.48","0.026391441821000013","0.091135755","0","122.0","20.01","0.022498883702000004","0.059052654","0"
"123.0","19.49","0.02636478912900002","0.091135755","0","123.0","19.84","0.022374290079000003","0.059052654","0"
"124.0","19.6","0.026343502213000015","0.091135755","0","124.0","20.24","0.022336416042999997","0.059052654","0"
"125.0","19.76","0.02634679558000002","0.091135755","0","125.0","20.0","0.022306913689","0.05908473","0"
"126.0","19.85","0.02628690711600001","0.09133483","0","126.0","20.37","0.022208147896800003","0.05908473","0"
"127.0","19.83","0.026272877010000008","0.09133483","0","127.0","20.13","0.022316014993000004","0.05908473","0"
"128.0","19.78","0.026268028096999997","0.09133483","0","128.0","20.2","0.022238470073999993","0.057762332","0"
"129.0","20.04","0.026272130563499994","0.09133483","0","129.0","20.25","0.022263600437999992","0.057762332","0"
"130.0","19.76","0.0262182474747","0.09133483","0","130.0","20.38","0.022208622020999994","0.057781287","0"
"131.0","20.1","0.026198244501700003","0.09133483","0","131.0","20.29","0.022137010904999994","0.057781287","0"
"132.0","20.08","0.026202164222299994","0.09133483","0","132.0","20.24","0.022108535142","0.057781287","0"
"133.0","19.99","0.02619392843230001","0.09133483","0","133.0","20.35","0.022101981608700007","0.057781287","0"
"134.0","20.2","0.02617622202500002","0.09133483","0","134.0","20.36","0.0220298275267","0.05836543000000001","0"
"135.0","20.2","0.026157946985400013","0.091135755","0","135.0","20.44","0.02201745842040001","0.05836543000000001","0"
"136.0","20.42","0.02616157765400001","0.09133483","0","136.0","20.47","0.021980700512400007","0.05836543000000001","0"
"137.0","20.12","0.026146229992000013","0.09133483","0","137.0","20.49","0.021970104624400008","0.057781287","0"
"138.0","20.25","0.026125314909500014","0.09133483","0","138.0","20.37","0.021997348489400007","0.057781287","0"
"139.0","20.46","0.026096773873000006","0.091135755","0","139.0","20.44","0.021961343430400012","0.05836543000000001","0"
"140.0","20.49","0.026075857655000007","0.09133483","0","140.0","20.56","0.021933829057400003","0.057137728","0"
"141.0","20.49","0.026074632283000002","0.09132195","0","141.0","20.56","0.021941318663400003","0.057137728","0"
"142.0","20.52","0.025994019217","0.092022434","0","142.0","20.84","0.0219108440092","0.057137728","0"
"143.0","20.52","0.025989091926399997","0.092022434","0","143.0","20.51","0.021883628345200003","0.057137728","0"
"144.0","20.69","0.025983959387999994","0.092112854","0","144.0","20.67","0.0218198166642","0.057137728","0"
"145.0","20.7","0.025971778657999996","0.09132195","0","145.0","20.49","0.0218323240862","0.057137728","0"
"146.0","20.68","0.025974944999000004","0.09132195","0","146.0","20.85","0.021799426020199998","0.057137728","0"
"147.0","20.66","0.025954745036300006","0.09132195","0","147.0","20.7","0.021775328330200003","0.057137728","0"
"148.0","20.65","0.025957964732999998","0.09132195","0","148.0","20.7","0.021761340862000007","0.057137728","0"
"149.0","20.82","0.025927437070999995","0.09132195","0","149.0","20.71","0.021813566744000007","0.057137728","0"
"150.0","20.94","0.025924416627999988","0.09132195","0","150.0","20.58","0.021784051213000005","0.057137728","0"
"151.0","20.87","0.025906894359000003","0.09132195","0","151.0","20.7","0.02172933400220001","0.057137728","0"
"152.0","20.82","0.025885767107","0.09132195","0","152.0","20.72","0.021745476198","0.057137728","0"
"153.0","20.73","0.025873115730000004","0.09132195","0","153.0","20.85","0.02171351439150001","0.057137728","0"
"154.0","20.84","0.02584202481800001","0.09198917","0","154.0","20.67","0.021701468552300006","0.057137728","0"
"155.0","21.02","0.02583741635050001","0.09198917","0","155.0","20.93","0.021678060701200007","0.057137728","0"
"156.0","21.05","0.025821961999500008","0.09198917","0","156.0","20.67","0.021697800107200002","0.057137728","0"
"157.0","20.98","0.025788824438600012","0.09198917","0","157.0","20.77","0.021665170903700005","0.057137728","0"
"158.0","21.0","0.02578437529760001","0.091970794","0","158.0","20.64","0.021649176829300006","0.057137728","0"
"159.0","21.14","0.025772813337700002","0.091970794","0","159.0","20.62","0.0216507071412","0.057137728","0"
"160.0","21.1","0.025763036686700002","0.091970794","0","160.0","20.76","0.021638045890799998","0.057137728","0"
"161.0","21.05","0.0257640914927","0.091970794","0","161.0","20.76","0.021659213484800002","0.057137728","0"
"162.0","21.05","0.025750006724999993","0.091970794","0","162.0","20.68","0.021605715475800008","0.057137728","0"
"163.0","21.12","0.02574510356900001","0.091816336","0","163.0","20.72","0.021555074219000006","0.057137728","0"
"164.0","21.05","0.025724114523000007","0.09195185499999999","0","164.0","20.81","0.021576025054000005","0.05836543000000001","0"
"165.0","21.17","0.025707163899000015","0.09198307","0","165.0","20.82","0.021618745008000005","0.058847513","0"
"166.0","21.14","0.025688436332000006","0.09198307","0","166.0","20.95","0.02160395902200001","0.058640394000000005","0"
"167.0","21.21","0.025660903618000015","0.09198307","0","167.0","20.87","0.021551215506000004","0.05836543000000001","0"
"168.0","21.24","0.025661704439000014","0.091816336","0","168.0","20.94","0.02155397045200001","0.05873430500000001","0"
"169.0","21.3","0.025656337475","0.091816336","0","169.0","20.98","0.021606486091600006","0.05873430500000001","0"
"170.0","21.1","0.02566183462699999","0.091816336","0","170.0","21.04","0.021598396271500002","0.05873430500000001","0"
"171.0","21.47","0.025651737682999998","0.091808125","0","171.0","21.02","0.021576500960600008","0.05873430500000001","0"
"172.0","21.42","0.025631033544","0.091808125","0","172.0","21.04","0.021557548786600003","0.05873430500000001","0"
"173.0","21.39","0.025581624624999993","0.091808125","0","173.0","21.08","0.021486963439","0.05873430500000001","0"
"174.0","21.51","0.0255682391574","0.091808125","0","174.0","21.04","0.021497337998200004","0.05873430500000001","0"
"175.0","21.48","0.025589164525","0.091808125","0","175.0","21.0","0.0214951202622","0.05873430500000001","0"
"176.0","21.62","0.025563983927999998","0.091808125","0","176.0","21.19","0.021405669071199993","0.05873430500000001","0"
"177.0","21.16","0.025527806006999994","0.091808125","0","177.0","21.15","0.021493186650599995","0.05873430500000001","0"
"178.0","21.56","0.025516259346700005","0.091808125","0","178.0","21.26","0.021520337115699992","0.05836543000000001","0"
"179.0","21.68","0.025509482631400005","0.091816336","0","179.0","21.01","0.021503560098700004","0.05836543000000001","0"
"180.0","21.57","0.02550347162340001","0.091816336","0","180.0","21.3","0.021504529598700004","0.05836543000000001","0"
"181.0","21.48","0.025491364384400007","0.09193716","0","181.0","21.23","0.0214511723065","0.05836543000000001","0"
"182.0","21.53","0.025494505233599987","0.09193716","0","182.0","21.25","0.02142663604450001","0.05836543000000001","0"
"183.0","21.54","0.025483001292499988","0.09193716","0","183.0","21.19","0.021390556573600002","0.057137728","0"
"184.0","21.63","0.025484379150499992","0.09193716","0","184.0","21.3","0.021313844241600002","0.057137728","0"
"185.0","21.52","0.0254826903926","0.09193716","0","185.0","21.35","0.021290503847600003","0.05836543000000001","0"
"186.0","21.65","0.0254521381966","0.091816336","0","186.0","21.33","0.021297722466600003","0.05836543000000001","0"
"187.0","21.68","0.025456811212600006","0.091816336","0","187.0","21.34","0.0212808352486","0.05836543000000001","0"
"188.0","21.55","0.025437281203600014","0.091816336","0","188.0","21.32","0.021234574426200005","0.058365770000000004","0"
"189.0","21.51","0.025399084694600015","0.091816336","0","189.0","21.36","0.0212450984782","0.05836543000000001","0"
"190.0","21.54","0.025386825603600012","0.09196874","0","190.0","21.32","0.021266075885200006","0.05836543000000001","0"
"191.0","21.65","0.0253690188186","0.09196874","0","191.0","21.22","0.021259563100200003","0.05836543000000001","0"
"192.0","21.75","0.02535473660460001","0.09196874","0","192.0","21.27","0.02124569497720001","0.05836543000000001","0"
"193.0","21.72","0.025361156726599998","0.09197811","0","193.0","21.29","0.021238231448200008","0.05836543000000001","0"
"194.0","21.76","0.025346352031999992","0.091816336","0","194.0","21.28","0.021206720496200003","0.05836543000000001","0"
"195.0","21.67","0.025348582584","0.091816336","0","195.0","21.14","0.021133857886200005","0.05836543000000001","0"
"196.0","21.93","0.025336790204999998","0.091816336","0","196.0","21.3","0.021133415456800014","0.058365770000000004","0"
"197.0","21.86","0.025327545847999997","0.091816336","0","197.0","21.2","0.021164748270300005","0.058365770000000004","0"
"198.0","21.95","0.025276282344","0.091816336","0","198.0","21.22","0.021169041313300007","0.058365770000000004","0"
"199.0","22.03","0.025263723687999996","0.091816336","0","199.0","21.21","0.021179227878300004","0.058365770000000004","0"
"200.0","22.05","0.025230275014000002","0.091816336","0","200.0","21.39","0.021188028618300006","0.058365770000000004","0"
"201.0","22.03","0.025221965556000002","0.091816336","0","201.0","21.31","0.021165172829300003","0.05836543000000001","0"
"202.0","22.0","0.025212721608","0.091816336","0","202.0","21.43","0.021178159885400002","0.05836543000000001","0"
"203.0","22.01","0.0251933206355","0.091816336","0","203.0","21.47","0.021156189979400004","0.05836543000000001","0"
"204.0","22.0","0.0251958163184","0.09174851","0","204.0","21.37","0.021151504140400002","0.05836543000000001","0"
"205.0","21.94","0.025182269795","0.09174851","0","205.0","21.32","0.0211371734305","0.05836543000000001","0"
"206.0","21.81","0.025179426451000006","0.09174851","0","206.0","21.5","0.021184505861500003","0.05836543000000001","0"
"207.0","21.83","0.025180943006000003","0.09174851","0","207.0","21.59","0.021180976842499998","0.05836543000000001","0"
"208.0","21.94","0.025174150601","0.09174851","0","208.0","21.46","0.021143132381500007","0.05836543000000001","0"
"209.0","22.12","0.02516130499600001","0.09174851","0","209.0","21.58","0.021150517232500003","0.05836543000000001","0"
"210.0","22.1","0.02514469627600001","0.09174851","0","210.0","21.48","0.021114488077400004","0.05836543000000001","0"
"211.0","22.11","0.025138473035000018","0.09174851","0","211.0","21.47","0.021088422523600006","0.05836543000000001","0"
"212.0","22.2","0.02513422952000001","0.09174851","0","212.0","21.44","0.021106532580600006","0.05836543000000001","0"
"213.0","22.26","0.02512704394600001","0.09174851","0","213.0","21.55","0.02110635421","0.058365770000000004","0"
"214.0","22.39","0.025136376782000012","0.09174851","0","214.0","21.75","0.0210988050482","0.058365770000000004","0"
"215.0","22.39","0.025129954649999998","0.09174851","0","215.0","21.58","0.02111402366019999","0.058365770000000004","0"
"216.0","22.33","0.025124027850000005","0.09174851","0","216.0","21.38","0.02109225484170001","0.058365770000000004","0"
"217.0","22.34","0.025122380650000005","0.09174851","0","217.0","21.6","0.0211024810397","0.058365770000000004","0"
"218.0","22.39","0.025119067528600013","0.09174851","0","218.0","21.63","0.02110942927800001","0.058365770000000004","0"
"219.0","22.47","0.025117349886700002","0.09174851","0","219.0","21.67","0.021120340494200005","0.058365770000000004","0"
"220.0","22.42","0.025111806735699998","0.09174851","0","220.0","21.63","0.021102584808699996","0.058365770000000004","0"
"221.0","22.28","0.025105306902700006","0.09174851","0","221.0","21.85","0.0210592547227","0.058365770000000004","0"
"222.0","22.37","0.02509111092900001","0.091816336","0","222.0","21.72","0.0210016175752","0.058365770000000004","0"
"223.0","22.52","0.025091019610700007","0.091816336","0","223.0","21.67","0.021023320125199998","0.058365770000000004","0"
"224.0","22.33","0.02508918291130001","0.091816336","0","224.0","21.63","0.021020819629199997","0.058365770000000004","0"
"225.0","22.48","0.025086638354300014","0.091816336","0","225.0","21.82","0.021012423660399997","0.058365770000000004","0"
"226.0","22.47","0.02507729243630002","0.091816336","0","226.0","21.63","0.020990984587200005","0.058365770000000004","0"
"227.0","22.4","0.025070580748800017","0.091816336","0","227.0","21.79","0.021002368284700007","0.058365770000000004","0"
"228.0","22.3","0.025062137431600014","0.091816336","0","228.0","21.84","0.02095498896740001","0.058365770000000004","0"
"229.0","22.52","0.0250508856816","0.091816336","0","229.0","21.73","0.02100330361700001","0.058365770000000004","0"
"230.0","22.4","0.025052278313700015","0.091816336","0","230.0","21.79","0.02101486410030001","0.058365770000000004","0"
"231.0","22.44","0.025045046998700016","0.091816336","0","231.0","21.65","0.02092390097000001","0.058365770000000004","0"
"232.0","22.66","0.025038141766700016","0.091816336","0","232.0","21.87","0.020915594681900004","0.058365770000000004","0"
"233.0","22.29","0.0250363135077","0.091816336","0","233.0","21.76","0.020916411593500005","0.058365770000000004","0"
"234.0","22.49","0.0250305957347","0.091816336","0","234.0","21.99","0.020902854676500007","0.05836543000000001","0"
"235.0","22.37","0.0250238903727","0.091816336","0","235.0","21.96","0.020919215514","0.05836543000000001","0"
"236.0","22.55","0.025017638120699993","0.091816336","0","236.0","21.97","0.020881266529500005","0.05836543000000001","0"
"237.0","22.44","0.025018567126699996","0.091816336","0","237.0","21.72","0.02091731522580001","0.05836543000000001","0"
"238.0","22.51","0.0250108847247","0.091816336","0","238.0","21.77","0.0209174381588","0.058365770000000004","0"
"239.0","22.68","0.025001517120699993","0.091816336","0","239.0","21.88","0.020863564369800004","0.058365770000000004","0"
"240.0","22.44","0.0249963756007","0.091816336","0","240.0","21.89","0.020805694915800005","0.05836543000000001","0"
"241.0","22.61","0.0249873177317","0.091816336","0","241.0","22.08","0.0208495597945","0.05836543000000001","0"
"242.0","22.42","0.024986371988700004","0.091816336","0","242.0","21.92","0.0207912345021","0.05836543000000001","0"
"243.0","22.69","0.024984535654699998","0.091816336","0","243.0","22.08","0.0207926855485","0.05836543000000001","0"
"244.0","22.7","0.024976164318699996","0.091816336","0","244.0","21.9","0.020760318104699995","0.058365770000000004","0"
"245.0","22.57","0.02497779568669999","0.091816336","0","245.0","21.84","0.0206556654788","0.058365770000000004","0"
"246.0","22.66","0.024970103435700008","0.091816336","0","246.0","21.88","0.0206147990171","0.05836543000000001","0"
"247.0","22.67","0.024968287915700015","0.091816336","0","247.0","22.0","0.0206081507971","0.05836543000000001","0"
"248.0","22.55","0.024961585694700014","0.091816336","0","248.0","22.0","0.020574627367499997","0.05836543000000001","0"
"249.0","22.65","0.02496341382070001","0.091816336","0","249.0","21.92","0.020635255417200002","0.05836543000000001","0"
"250.0","22.81","0.024959565947700012","0.091816336","0","250.0","21.87","0.02063675874650001","0.05836543000000001","0"
"251.0","22.79","0.0249526374077","0.091816336","0","251.0","22.06","0.020600063688500002","0.05836543000000001","0"
"252.0","22.91","0.024951618062700007","0.091816336","0","252.0","22.0","0.020608700094499995","0.05836543000000001","0"
"253.0","22.81","0.024939686873700007","0.091816336","0","253.0","22.09","0.020580738619199998","0.05836543000000001","0"
"254.0","22.85","0.024932033079600003","0.091816336","0","254.0","21.98","0.020551179050599996","0.05836543000000001","0"
"255.0","22.88","0.02492749264660001","0.091816336","0","255.0","22.25","0.020577325140700008","0.05836543000000001","0"
"256.0","22.8","0.024923082460600016","0.091816336","0","256.0","22.08","0.020588878237300004","0.05836543000000001","0"
"257.0","22.92","0.024914794311600007","0.091816336","0","257.0","22.14","0.020513755612300004","0.05836543000000001","0"
"258.0","23.02","0.024895898351600013","0.091816336","0","258.0","22.06","0.0205696051672","0.05836543000000001","0"
"259.0","22.83","0.024894014420600005","0.091816336","0","259.0","22.21","0.0205643365743","0.05836543000000001","0"
"260.0","22.87","0.02490137520360001","0.091816336","0","260.0","22.24","0.020528694720499997","0.05836543000000001","0"
"261.0","22.92","0.02489041121360001","0.091816336","0","261.0","22.22","0.020490223232999996","0.05836543000000001","0"
"262.0","22.96","0.02487982664860001","0.091816336","0","262.0","22.06","0.020493511371099993","0.05836543000000001","0"
"263.0","23.1","0.024878856452600007","0.091816336","0","263.0","22.05","0.020516242815999997","0.05836543000000001","0"
"264.0","23.0","0.024873160899600007","0.091816336","0","264.0","22.17","0.0205259443444","0.05836543000000001","0"
"265.0","22.88","0.024871447613600006","0.091816336","0","265.0","22.18","0.020506134188100003","0.05836543000000001","0"
"266.0","23.11","0.02486204197660002","0.091816336","0","266.0","22.12","0.020496187678999998","0.05836543000000001","0"
"267.0","23.03","0.024860630505600015","0.091816336","0","267.0","22.09","0.020488877129200004","0.05836543000000001","0"
"268.0","23.07","0.02485915458160002","0.091816336","0","268.0","22.17","0.020486137995500003","0.05836543000000001","0"
"269.0","23.13","0.024855968108600003","0.091816336","0","269.0","22.17","0.020503188893000006","0.05836543000000001","0"
"270.0","23.12","0.0248005232386","0.091816336","0","270.0","22.05","0.020491712316000003","0.05836543000000001","0"
"271.0","23.06","0.024790899377600005","0.091816336","0","271.0","22.47","0.020491412925300007","0.05836543000000001","0"
"272.0","23.26","0.024823369297600005","0.091816336","0","272.0","22.22","0.0204769177815","0.05836543000000001","0"
"273.0","23.1","0.024805746125600003","0.091816336","0","273.0","22.07","0.020468197078200003","0.05836543000000001","0"
"274.0","23.11","0.0248052824526","0.091816336","0","274.0","22.04","0.02046685861350001","0.05836543000000001","0"
"275.0","23.09","0.02482851710860001","0.091816336","0","275.0","22.15","0.0204713129135","0.05836543000000001","0"
"276.0","23.12","0.02480979101460001","0.091816336","0","276.0","22.36","0.020454244145599997","0.05836543000000001","0"
"277.0","23.19","0.024798470622599992","0.091816336","0","277.0","22.29","0.020444583894599994","0.05836543000000001","0"
"278.0","23.17","0.024784948129600012","0.091816336","0","278.0","22.02","0.020441988574599997","0.057137728","0"
"279.0","23.41","0.0247765458046","0.091816336","0","279.0","22.31","0.020433977331600003","0.057137728","0"
"280.0","23.39","0.024778706411599995","0.091816336","0","280.0","22.31","0.020421571745800008","0.057137728","0"
"281.0","23.55","0.024782146891599986","0.091816336","0","281.0","22.33","0.0204320808018","0.057137728","0"
"282.0","23.58","0.0247742907356","0.091816336","0","282.0","22.35","0.020426750471799995","0.057137728","0"
"283.0","23.61","0.024772402440599993","0.091816336","0","283.0","22.22","0.0203940798166","0.057137728","0"
"284.0","23.43","0.0247706002776","0.091816336","0","284.0","22.24","0.0203950094692","0.057137728","0"
"285.0","23.37","0.024762604556599996","0.091816336","0","285.0","22.3","0.0203804567342","0.057137728","0"
"286.0","23.39","0.024743422642600005","0.091816336","0","286.0","22.23","0.020384063922699997","0.057137728","0"
"287.0","23.31","0.024725114899599995","0.091816336","0","287.0","22.31","0.020379612973599998","0.057137728","0"
"288.0","23.51","0.024720784454600003","0.091816336","0","288.0","22.43","0.020360711338700002","0.057137728","0"
"289.0","23.45","0.024720581106599995","0.091816336","0","289.0","22.39","0.020369564660299995","0.057137728","0"
"290.0","23.45","0.024721590454599995","0.091816336","0","290.0","22.45","0.020324862541499997","0.057137728","0"
"291.0","23.29","0.024720125296599994","0.091816336","0","291.0","22.79","0.020325445634100006","0.057137728","0"
"292.0","23.41","0.02471776703159999","0.091816336","0","292.0","22.18","0.020287148504300006","0.057137728","0"
"293.0","23.64","0.02471159511359999","0.091816336","0","293.0","22.38","0.020301938256300004","0.057137728","0"
"294.0","23.43","0.02470549192359999","0.091816336","0","294.0","22.37","0.0202922971703","0.057137728","0"
"295.0","23.6","0.02469822725859999","0.091816336","0","295.0","22.47","0.020219919458299998","0.057137728","0"
"296.0","23.38","0.02468479224959998","0.091816336","0","296.0","22.26","0.0202688087249","0.057137728","0"
"297.0","23.43","0.02469744925159999","0.091816336","0","297.0","22.54","0.0201738592703","0.057137728","0"
"298.0","23.52","0.024688647696599997","0.091816336","0","298.0","22.21","0.0201661831261","0.057137728","0"
"299.0","23.41","0.024686261578599992","0.091816336","0","299.0","22.32","0.020162924431499998","0.057137728","0"
